[15:28:15] [main/INFO] (FabricLoader/GameProvider) Loading Minecraft 1.21.11 with Fabric Loader 0.18.4
[15:28:15] [ForkJoinPool-1-worker-4/WARN] (FabricLoader/Metadata) Mod com_github_oryxel1_cubeconverter uses the version 5b4fce77c4 which isn't compatible with Loader's extended semantic version format (Could not parse version number component '5b4fce77c4'!), SemVer is recommended for reliably evaluating dependencies and prioritizing newer version
[15:28:15] [main/INFO] (FabricLoader) Loading 90 mods:
	- fabric-api 0.141.2+1.21.11
	- fabric-api-base 1.0.5+4ebb5c083e
	- fabric-api-lookup-api-v1 1.6.113+1fb1cde93e
	- fabric-biome-api-v1 17.1.1+4fc5413f3e
	- fabric-block-api-v1 1.1.10+4ebb5c083e
	- fabric-block-view-api-v2 1.0.39+4ebb5c083e
	- fabric-client-gametest-api-v1 4.3.5+bfe9fcf43e
	- fabric-command-api-v2 2.4.7+6b42a6003e
	- fabric-content-registries-v0 10.2.14+4fc5413f3e
	- fabric-convention-tags-v1 2.1.55+7f945d5b3e
	- fabric-convention-tags-v2 2.17.3+8ef948ba3e
	- fabric-crash-report-info-v1 0.3.23+4ebb5c083e
	- fabric-data-attachment-api-v1 1.8.47+eed0806f3e
	- fabric-data-generation-api-v1 23.4.0+69974c4e3e
	- fabric-dimensions-v1 4.0.28+4fc5413f3e
	- fabric-entity-events-v1 3.1.1+1d0ab4303e
	- fabric-events-interaction-v0 4.1.0+3b89ecf63e
	- fabric-game-rule-api-v1 2.0.3+4fc5413f3e
	- fabric-gametest-api-v1 3.1.27+4fc5413f3e
	- fabric-item-api-v1 11.5.20+d0c46b9e3e
	- fabric-item-group-api-v1 4.2.36+4fc5413f3e
	- fabric-key-binding-api-v1 1.1.7+4fc5413f3e
	- fabric-lifecycle-events-v1 2.6.15+4ebb5c083e
	- fabric-loot-api-v2 3.0.73+3f89f5a53e
	- fabric-loot-api-v3 2.0.20+78c8b4663e
	- fabric-message-api-v1 6.1.12+4ebb5c083e
	- fabric-model-loading-api-v1 6.0.14+4fc5413f3e
	- fabric-networking-api-v1 5.1.5+ae1e07683e
	- fabric-object-builder-api-v1 21.1.39+4fc5413f3e
	- fabric-particles-v1 4.2.11+4fc5413f3e
	- fabric-recipe-api-v1 8.2.3+4ebb5c083e
	- fabric-registry-sync-v0 6.2.5+1718722b3e
	- fabric-renderer-api-v1 8.0.2+f4ffd2e53e
	- fabric-renderer-indigo 5.0.2+f4ffd2e53e
	- fabric-rendering-fluids-v1 3.1.43+4ebb5c083e
	- fabric-rendering-v1 16.2.9+7edacff13e
	- fabric-resource-conditions-api-v1 5.0.35+4fc5413f3e
	- fabric-resource-loader-v0 3.3.4+4fc5413f3e
	- fabric-resource-loader-v1 1.0.10+78c8b4663e
	- fabric-screen-api-v1 3.1.7+4ebb5c083e
	- fabric-screen-handler-api-v1 1.3.161+4fc5413f3e
	- fabric-serialization-api-v1 1.0.5+4ebb5c083e
	- fabric-sound-api-v1 1.0.51+4fc5413f3e
	- fabric-tag-api-v1 1.2.20+4fc5413f3e
	- fabric-transfer-api-v1 6.0.24+4fc5413f3e
	- fabric-transitive-access-wideners-v1 7.1.0+014c8cec3e
	- fabricloader 0.18.4
	- java 21
	- minecraft 1.21.11
	- mixinextras 0.5.0
	- moonshine 1.0.1
	- viafabricplus 4.4.12
	   |-- com_github_oryxel1_cubeconverter 5b4fce77c4
	   |-- com_google_code_gson_gson 2.13.2
	   |-- com_google_errorprone_error_prone_annotations 2.41.0
	   |-- com_seedfinding_mc_biome 1.171.1
	   |-- com_seedfinding_mc_core 1.210.0
	   |-- com_seedfinding_mc_math 1.171.0
	   |-- com_seedfinding_mc_noise 1.171.1
	   |-- com_seedfinding_mc_seed 1.171.2
	   |-- com_vdurmont_semver4j 3.1.0
	   |-- com_viaversion_mcstructs_dialog 5-3.2.2-20251210.004302-1
	   |-- com_viaversion_mcstructs_registry 5-3.2.2-SNAPSHOT
	   |-- com_viaversion_viaaprilfools-common 4.2.0
	   |-- com_viaversion_viabackwards-common 5.9.0
	   |-- com_viaversion_viaversion-common 5.9.0
	   |-- de_florianreuth_classic4j 2.3.0
	   |-- dev_kastle_netty_netty-transport-nethernet 1.7.0
	   |-- dev_kastle_netty_netty-transport-raknet 1.7.0
	   |-- dev_kastle_webrtc_webrtc-java 1.0.3
	   |-- dev_kastle_webrtc_webrtc-java_linux-aarch64 1.0.3
	   |-- dev_kastle_webrtc_webrtc-java_linux-x86_64 1.0.3
	   |-- dev_kastle_webrtc_webrtc-java_macos-aarch64 1.0.3
	   |-- dev_kastle_webrtc_webrtc-java_windows-aarch64 1.0.3
	   |-- dev_kastle_webrtc_webrtc-java_windows-x86_64 1.0.3
	   |-- io_jsonwebtoken_jjwt-api 0.13.0
	   |-- io_jsonwebtoken_jjwt-gson 0.13.0
	   |-- io_jsonwebtoken_jjwt-impl 0.13.0
	   |-- net_jodah_expiringmap 0.5.10
	   |-- net_lenni0451_commons_gson 1.9.2
	   |-- net_lenni0451_commons_httpclient 1.9.2
	   |-- net_lenni0451_mcstructs-bedrock_forms 2.0.1
	   |-- net_lenni0451_mcstructs-bedrock_text 2.0.1
	   |-- net_lenni0451_reflect 1.6.2
	   |-- net_raphimc_minecraftauth 5.0.1-20260217.194827-4
	   |-- net_raphimc_viabedrock 0.0.27-20260409.182428-6
	   |-- net_raphimc_vialegacy 3.0.15
	   |-- team_unnamed_mocha 3.0.1
	   |-- viafabricplus-api 4.4.12
	   \-- viafabricplus-visuals 4.4.12
[15:28:22] [pool-2-thread-11/WARN] (FabricLoader/ModRemap) Cannot remap lithium$CollideMovement because it does not exists in any of the targets [net/minecraft/class_1297]
[15:28:35] [main/INFO] (FabricLoader/Mixin) SpongePowered MIXIN Subsystem Version=0.8.7 Source=file:/C:/Users/SystemX/.gradle/caches/modules-2/files-2.1/net.fabricmc/sponge-mixin/0.17.0+mixin.0.8.7/cf31463202f72d03b0ef1e1e38e8ee71b7faaab6/sponge-mixin-0.17.0+mixin.0.8.7.jar Service=Knot/Fabric Env=CLIENT
[15:28:35] [main/INFO] (FabricLoader/Mixin) Loaded Fabric development mappings for mixin remapper!
[15:28:35] [main/INFO] (FabricLoader/Mixin) Compatibility level set to JAVA_21
[15:28:38] [main/INFO] (FabricLoader/MixinExtras|Service) Initializing MixinExtras via com.llamalad7.mixinextras.service.MixinExtrasServiceImpl(version=0.5.0).
[15:28:43] [Datafixer Bootstrap/INFO] (Minecraft) 287 Datafixer optimizations took 2877 milliseconds
[15:28:54] [Render thread/INFO] (Minecraft) Environment: Environment[sessionHost=https://sessionserver.mojang.com, servicesHost=https://api.minecraftservices.com, profilesHost=https://api.mojang.com, name=PROD]
[15:28:54] [Render thread/INFO] (Minecraft) Setting user: Player810
[15:28:54] [Via-Mappingloader-1/INFO] (ViaVersion) Loading block connection mappings ...
[15:28:55] [Render thread/INFO] (Indigo) [Indigo] Registering Indigo renderer!
[15:28:55] [Via-Mappingloader-1/INFO] (ViaVersion) Using FastUtil Long2ObjectOpenHashMap for block connections
[15:28:55] [Download-2/ERROR] (Minecraft) Failed to fetch user properties
com.mojang.authlib.exceptions.InvalidCredentialsException: Status: 401
	at knot//com.mojang.authlib.exceptions.MinecraftClientHttpException.toAuthenticationException(MinecraftClientHttpException.java:59)
	at knot//com.mojang.authlib.yggdrasil.YggdrasilUserApiService.fetchProperties(YggdrasilUserApiService.java:150)
	at knot//net.minecraft.client.MinecraftClient.method_55608(MinecraftClient.java:457)
	at java.base/java.util.concurrent.CompletableFuture$AsyncSupply.run(CompletableFuture.java:1768)
	at java.base/java.util.concurrent.ThreadPoolExecutor.runWorker(ThreadPoolExecutor.java:1144)
	at java.base/java.util.concurrent.ThreadPoolExecutor$Worker.run(ThreadPoolExecutor.java:642)
	at java.base/java.lang.Thread.run(Thread.java:1583)
Caused by: com.mojang.authlib.exceptions.MinecraftClientHttpException: Status: 401
	at knot//com.mojang.authlib.minecraft.client.MinecraftClient.readInputStream(MinecraftClient.java:103)
	at knot//com.mojang.authlib.minecraft.client.MinecraftClient.get(MinecraftClient.java:56)
	at knot//com.mojang.authlib.yggdrasil.YggdrasilUserApiService.fetchProperties(YggdrasilUserApiService.java:121)
	... 5 more
[15:28:55] [Worker-Main-1/INFO] (ViaBackwards) Loading translations...
[15:28:55] [Worker-Main-1/INFO] (ViaBackwards) Registering protocols...
[15:28:56] [Render thread/INFO] (Minecraft) Backend library: LWJGL version 3.3.3-snapshot
[15:28:57] [Worker-Main-1/INFO] (ViaBedrock) Started resource pack HTTP server on http://127.0.0.1:57246/
[15:28:57] [Worker-Main-1/WARN] (ViaBedrock) Experimental features are enabled. These features might not be fully stable/tested and may cause issues.
[15:28:57] [Worker-Main-1/INFO] (ViaVersion) ViaVersion detected lowest supported version by the proxy: c0.0.15a-1 (0)
[15:28:57] [Worker-Main-1/INFO] (ViaVersion) Highest supported version by the proxy: Bedrock 1.26.10 (944)
[15:28:57] [Worker-Main-1/INFO] (Minecraft) Environment: Environment[sessionHost=https://sessionserver.mojang.com, servicesHost=https://api.minecraftservices.com, profilesHost=https://api.mojang.com, name=PROD]
[15:28:57] [Render thread/INFO] (Minecraft) Using optional rendering extensions: GL_ARB_buffer_storage, GL_KHR_debug, GL_ARB_vertex_attrib_binding, GL_ARB_direct_state_access, GL_EXT_texture_filter_anisotropic
[15:28:59] [Render thread/INFO] (Minecraft) Reloading ResourceManager: vanilla, com_viaversion_viaaprilfools-common, com_viaversion_viabackwards-common, com_viaversion_viaversion-common, fabric-api, fabric-api-base, fabric-api-lookup-api-v1, fabric-biome-api-v1, fabric-block-api-v1, fabric-block-view-api-v2, fabric-client-gametest-api-v1, fabric-command-api-v2, fabric-content-registries-v0, fabric-convention-tags-v1, fabric-convention-tags-v2, fabric-crash-report-info-v1, fabric-data-attachment-api-v1, fabric-data-generation-api-v1, fabric-dimensions-v1, fabric-entity-events-v1, fabric-events-interaction-v0, fabric-game-rule-api-v1, fabric-gametest-api-v1, fabric-item-api-v1, fabric-item-group-api-v1, fabric-key-binding-api-v1, fabric-lifecycle-events-v1, fabric-loot-api-v2, fabric-loot-api-v3, fabric-message-api-v1, fabric-model-loading-api-v1, fabric-networking-api-v1, fabric-object-builder-api-v1, fabric-particles-v1, fabric-recipe-api-v1, fabric-registry-sync-v0, fabric-renderer-api-v1, fabric-renderer-indigo, fabric-rendering-fluids-v1, fabric-rendering-v1, fabric-resource-conditions-api-v1, fabric-resource-loader-v0, fabric-resource-loader-v1, fabric-screen-api-v1, fabric-screen-handler-api-v1, fabric-serialization-api-v1, fabric-sound-api-v1, fabric-tag-api-v1, fabric-transfer-api-v1, fabric-transitive-access-wideners-v1, fabricloader, moonshine, net_raphimc_viabedrock, net_raphimc_vialegacy, viafabricplus, viafabricplus-visuals
[15:28:59] [Download-2/INFO] (Minecraft) Could not authorize you against Realms server: java.lang.RuntimeException: Failed to parse into SignedJWT: FabricMC
[15:28:59] [Download-2/ERROR] (Minecraft) Failed to fetch Realms feature flags
net.minecraft.client.realms.exception.RealmsServiceException: Realms authentication error with message 'java.lang.RuntimeException: Failed to parse into SignedJWT: FabricMC'
	at knot//net.minecraft.client.realms.RealmsClient.execute(RealmsClient.java:526)
	at knot//net.minecraft.client.realms.RealmsClient.fetchFeatureFlags(RealmsClient.java:186)
	at java.base/java.util.concurrent.CompletableFuture$AsyncSupply.run(CompletableFuture.java:1768)
	at java.base/java.util.concurrent.ThreadPoolExecutor.runWorker(ThreadPoolExecutor.java:1144)
	at java.base/java.util.concurrent.ThreadPoolExecutor$Worker.run(ThreadPoolExecutor.java:642)
	at java.base/java.lang.Thread.run(Thread.java:1583)
[15:28:59] [Via Async Scheduler 0/INFO] (ViaVersion) Finished mapping loading, shutting down loader executor.
[15:28:59] [Worker-Main-5/INFO] (Minecraft) Found unifont_pua-17.0.01.hex, loading
[15:28:59] [Worker-Main-9/INFO] (Minecraft) Found unifont_all_no_pua-17.0.01.hex, loading
[15:28:59] [Worker-Main-5/INFO] (Minecraft) Found unifont_jp_patch-17.0.01.hex, loading
[15:29:00] [Render thread/INFO] (Minecraft) [STDOUT]: [42m[30m[1m MacroConfig: macros.json loaded successfully! [0m
[15:29:00] [Render thread/INFO] (Minecraft) [STDOUT]: [42m[30m[1m WayConfig: waypoints.json loaded successfully! [0m
[15:29:00] [Render thread/INFO] (Minecraft) [STDOUT]: [42m[30m[1m BlockESPConfig: blockesp.json loaded successfully! [0m
[15:29:00] [Render thread/INFO] (Minecraft) [STDOUT]: [42m[30m[1m FriendConfig: friends.json loaded successfully! [0m
[15:29:00] [Render thread/INFO] (Minecraft) [STDOUT]: [42m[30m[1m ProxyConfig: proxy.json loaded successfully! [0m
[15:29:00] [Render thread/INFO] (Minecraft) [STDOUT]: [42m[30m[1m DragConfig: draggables.json loaded successfully! [0m
[15:29:00] [Render thread/INFO] (Minecraft) [STDOUT]: [42m[30m[1m DragConfig: draggables.json loaded successfully! [0m
[15:29:00] [Render thread/INFO] (Minecraft) [STDOUT]: [42m[30m[1m AutoConfiguration: autoconfig.json loaded successfully! [0m
[15:29:00] [Render thread/INFO] (Minecraft) [STDOUT]: [44m[97m[1m AutoConfiguration: AutoSaver started (interval: 90s) [0m
[15:29:00] [Render thread/INFO] (Minecraft) [STDOUT]: [42m[30m[1m AutoConfiguration: System initialized! [0m
[15:29:00] [Render thread/INFO] (moonshine/FontRenderer) Registered font: bold -> bold
[15:29:00] [Render thread/INFO] (moonshine/FontRenderer) Registered font: icons -> icons
[15:29:00] [Render thread/INFO] (moonshine/FontRenderer) Registered font: iconstypetho -> iconstypetho
[15:29:00] [Render thread/INFO] (moonshine/FontRenderer) Registered font: guiicons -> guiicons
[15:29:00] [Render thread/INFO] (moonshine/FontRenderer) Registered font: hudicons -> hudicons
[15:29:00] [Render thread/INFO] (moonshine/FontRenderer) Registered font: categoryicons -> categoryicons
[15:29:00] [Render thread/INFO] (moonshine/FontRenderer) Registered font: default -> default
[15:29:00] [Render thread/INFO] (moonshine/FontRenderer) Registered font: regular -> regular
[15:29:00] [Render thread/INFO] (moonshine/FontRenderer) Registered font: test -> test
[15:29:00] [Render thread/INFO] (moonshine/FontRenderer) Registered font: inter -> inter
[15:29:00] [Render thread/INFO] (moonshine/FontRenderer) Registered font: regularnew -> regularnew
[15:29:00] [Render thread/INFO] (moonshine/FontRenderer) Registered font: mainmenuicons -> mainmenuicons
[15:29:00] [Render thread/INFO] (moonshine/FontRenderer) Initializing 12 fonts...
[15:29:00] [Render thread/INFO] (moonshine/Font) Atlas: 2048.0x2048.0, size=64.0, distanceRange=6.0, yOrigin=bottom
[15:29:00] [Render thread/INFO] (moonshine/Font) Loaded font: moonshine:fonts/default.json with 140 glyphs
[15:29:00] [Render thread/INFO] (moonshine/Font) Atlas: 4096.0x4096.0, size=96.0, distanceRange=8.0, yOrigin=bottom
[15:29:00] [Render thread/INFO] (moonshine/Font) Loaded font: moonshine:fonts/categoryicons.json with 13 glyphs
[15:29:00] [Render thread/INFO] (moonshine/Font) Atlas: 4096.0x4096.0, size=64.0, distanceRange=6.0, yOrigin=bottom
[15:29:00] [Render thread/INFO] (moonshine/Font) Loaded font: moonshine:fonts/test.json with 965 glyphs
[15:29:00] [Render thread/WARN] (moonshine/Font) Font JSON not found: moonshine:fonts/inter.json
[15:29:00] [Render thread/INFO] (moonshine/Font) Atlas: 4096.0x4096.0, size=96.0, distanceRange=8.0, yOrigin=bottom
[15:29:00] [Render thread/INFO] (moonshine/Font) Loaded font: moonshine:fonts/mainmenuicons.json with 6 glyphs
[15:29:00] [Render thread/INFO] (moonshine/Font) Atlas: 4096.0x4096.0, size=96.0, distanceRange=8.0, yOrigin=bottom
[15:29:00] [Render thread/INFO] (moonshine/Font) Loaded font: moonshine:fonts/guiicons.json with 26 glyphs
[15:29:00] [Render thread/INFO] (moonshine/Font) Atlas: 2048.0x2048.0, size=64.0, distanceRange=6.0, yOrigin=bottom
[15:29:00] [Render thread/INFO] (moonshine/Font) Loaded font: moonshine:fonts/regularnew.json with 142 glyphs
[15:29:00] [Render thread/INFO] (moonshine/Font) Atlas: 444.0x444.0, size=32.15625, distanceRange=15.0, yOrigin=bottom
[15:29:00] [Render thread/INFO] (moonshine/Font) Loaded font: moonshine:fonts/bold.json with 140 glyphs
[15:29:00] [Render thread/INFO] (moonshine/Font) Atlas: 4096.0x4096.0, size=96.0, distanceRange=8.0, yOrigin=bottom
[15:29:00] [Render thread/INFO] (moonshine/Font) Loaded font: moonshine:fonts/iconstypetho.json with 26 glyphs
[15:29:00] [Render thread/INFO] (moonshine/Font) Atlas: 4096.0x4096.0, size=96.0, distanceRange=8.0, yOrigin=bottom
[15:29:00] [Render thread/INFO] (moonshine/Font) Loaded font: moonshine:fonts/icons.json with 22 glyphs
[15:29:00] [Render thread/INFO] (moonshine/Font) Atlas: 4096.0x4096.0, size=96.0, distanceRange=8.0, yOrigin=bottom
[15:29:00] [Render thread/INFO] (moonshine/Font) Loaded font: moonshine:fonts/hudicons.json with 25 glyphs
[15:29:00] [Render thread/INFO] (moonshine/Font) Atlas: 2048.0x2048.0, size=64.0, distanceRange=6.0, yOrigin=bottom
[15:29:00] [Render thread/INFO] (moonshine/Font) Loaded font: moonshine:fonts/regular.json with 54 glyphs
[15:29:00] [Render thread/INFO] (moonshine/FontRenderer) All fonts initialized in 42ms
[15:29:00] [Render thread/INFO] (moonshine/FontInitializer) Fonts initialized successfully
[15:29:01] [Render thread/ERROR] (Minecraft) Couldn't find source for VERTEX shader (moonshine:core/texture)
[15:29:01] [Render thread/ERROR] (Minecraft) Couldn't find source for FRAGMENT shader (moonshine:core/texture)
[15:29:01] [Render thread/ERROR] (Minecraft) Couldn't compile pipeline moonshine:pipeline/texture: vertex shader moonshine:core/texture was invalid
[15:29:01] [Render thread/ERROR] (Minecraft) Couldn't find source for VERTEX shader (moonshine:core/msdf)
[15:29:01] [Render thread/ERROR] (Minecraft) Couldn't find source for FRAGMENT shader (moonshine:core/msdf)
[15:29:01] [Render thread/ERROR] (Minecraft) Couldn't compile pipeline moonshine:pipeline/msdf: vertex shader moonshine:core/msdf was invalid
[15:29:02] [Render thread/INFO] (Minecraft) OpenAL initialized on device OpenAL Soft on Динамики (High Definition Audio Device)
[15:29:02] [Render thread/INFO] (Minecraft) Sound engine started
[15:29:02] [Render thread/INFO] (Minecraft) Created: 512x256x0 minecraft:textures/atlas/particles.png-atlas
[15:29:02] [Render thread/INFO] (Minecraft) Created: 128x128x0 minecraft:textures/atlas/decorated_pot.png-atlas
[15:29:02] [Render thread/INFO] (Minecraft) Created: 2048x1024x0 minecraft:textures/atlas/armor_trims.png-atlas
[15:29:02] [Render thread/INFO] (Minecraft) Created: 512x256x0 minecraft:textures/atlas/paintings.png-atlas
[15:29:02] [Render thread/INFO] (Minecraft) Created: 1024x512x0 minecraft:textures/atlas/shield_patterns.png-atlas
[15:29:02] [Render thread/INFO] (Minecraft) Created: 2048x2048x4 minecraft:textures/atlas/blocks.png-atlas
[15:29:02] [Render thread/INFO] (Minecraft) Created: 512x512x0 minecraft:textures/atlas/chest.png-atlas
[15:29:02] [Render thread/INFO] (Minecraft) Created: 256x128x0 minecraft:textures/atlas/celestials.png-atlas
[15:29:02] [Render thread/INFO] (Minecraft) Created: 1024x512x0 minecraft:textures/atlas/banner_patterns.png-atlas
[15:29:02] [Render thread/INFO] (Minecraft) Created: 512x512x0 minecraft:textures/atlas/beds.png-atlas
[15:29:02] [Render thread/INFO] (Minecraft) Created: 1024x512x0 minecraft:textures/atlas/items.png-atlas
[15:29:02] [Render thread/INFO] (Minecraft) Created: 1024x1024x0 minecraft:textures/atlas/gui.png-atlas
[15:29:02] [Render thread/INFO] (Minecraft) Created: 128x64x0 minecraft:textures/atlas/map_decorations.png-atlas
[15:29:02] [Render thread/INFO] (Minecraft) Created: 512x256x0 minecraft:textures/atlas/signs.png-atlas
[15:29:02] [Render thread/INFO] (Minecraft) Created: 512x512x0 minecraft:textures/atlas/shulker_boxes.png-atlas
[15:29:03] [Render thread/INFO] (Minecraft) [STDOUT]: [42m[30m[1m AccountConfig: accounts.json loaded successfully! [0m
[15:29:15] [Render thread/INFO] (Minecraft) [STDOUT]: [42m[30m[1m AccountConfig: accounts.json saved successfully! [0m
[15:29:16] [Render thread/INFO] (Minecraft) [STDOUT]: [42m[30m[1m AccountConfig: accounts.json saved successfully! [0m
[15:29:23] [Render thread/INFO] (Minecraft) Connecting to mc.reallyworld.ru, 25565
[15:29:24] [Download-2/ERROR] (Minecraft) Failed to retrieve profile key pair
com.mojang.authlib.exceptions.MinecraftClientHttpException: Status: 401
	at knot//com.mojang.authlib.minecraft.client.MinecraftClient.readInputStream(MinecraftClient.java:103)
	at knot//com.mojang.authlib.minecraft.client.MinecraftClient.post(MinecraftClient.java:64)
	at knot//com.mojang.authlib.yggdrasil.YggdrasilUserApiService.getKeyPair(YggdrasilUserApiService.java:553)
	at knot//net.minecraft.client.session.ProfileKeysImpl.fetchKeyPair(ProfileKeysImpl.java:128)
	at knot//net.minecraft.client.session.ProfileKeysImpl.method_44291(ProfileKeysImpl.java:77)
	at java.base/java.util.concurrent.CompletableFuture$AsyncSupply.run(CompletableFuture.java:1768)
	at java.base/java.util.concurrent.ThreadPoolExecutor.runWorker(ThreadPoolExecutor.java:1144)
	at java.base/java.util.concurrent.ThreadPoolExecutor$Worker.run(ThreadPoolExecutor.java:642)
	at java.base/java.lang.Thread.run(Thread.java:1583)
[15:29:25] [Render thread/INFO] (Minecraft) [System] [CHAT] \n\n\n\n\n\n\n\n\n\n\n\n\n\n\n\n\n\n\n\n\n\n\n\n\n\n\n\n\n\n
[15:29:25] [Render thread/INFO] (Minecraft) Resizing Dynamic Transforms UBO, capacity limit of 2 reached during a single frame. New capacity will be 4.
[15:29:25] [Render thread/INFO] (Minecraft) Resizing Dynamic Transforms UBO, capacity limit of 4 reached during a single frame. New capacity will be 8.
[15:29:28] [Render thread/INFO] (Minecraft) [System] [CHAT] \n\n\n\n\n\n\n\n\n\n\n\n\n\n\n\n\n\n\n\n\n\n\n\n\n\n\n\n\n\n
[15:29:28] [Render thread/INFO] (Minecraft) [System] [CHAT] Captcha » Пожалуйста, пройдите дополнительную проверку\nCaptcha » 1. Перейдите на наш сайт по ссылке ниже\nCaptcha » 2. Пройдите CAPTCHA\nCaptcha » 3. Вернитесь в игру\n\nhttps://captcha.reallyworld.me/authorize/bab7b2ed-41c2-4beb-aff6-8731eae7dea3 (кликабельно)
[15:29:33] [Render thread/INFO] (Minecraft) [System] [CHAT] \n\n\n\n\n\n\n\n\n\n\n\n\n\n\n\n\n\n\n\n\n\n\n\n\n\n\n\n\n\n
[15:29:33] [Render thread/INFO] (Minecraft) [System] [CHAT] Captcha » Пожалуйста, пройдите дополнительную проверку\nCaptcha » 1. Перейдите на наш сайт по ссылке ниже\nCaptcha » 2. Пройдите CAPTCHA\nCaptcha » 3. Вернитесь в игру\n\nhttps://captcha.reallyworld.me/authorize/bab7b2ed-41c2-4beb-aff6-8731eae7dea3 (кликабельно)
[15:29:38] [Render thread/INFO] (Minecraft) [System] [CHAT] Авторизация » Добро пожаловать на ReallyWorld, adibasik\nАвторизация » Если вы зашли впервые, данный аккаунт уже был зарегистрирован\nАвторизация » и вам стоит сменить никнейм.\nАвторизация » /login Пароль
[15:29:53] [Render thread/INFO] (Minecraft) [System] [CHAT] §6Авторизация §7» §cНеверный пароль! (1/3)
[15:29:58] [Render thread/INFO] (Minecraft) [System] [CHAT] §6Авторизация §7» §cНеверный пароль! (2/3)
[15:30:00] [Render thread/INFO] (Minecraft) [System] [CHAT] §6Авторизация §7» §aАвторизация успешна
[15:30:00] [Render thread/INFO] (Minecraft) [System] [CHAT] \n\n\n\n\n\n\n\n\n\n\n\n\n\n\n\n\n\n\n\n\n\n\n\n\n\n\n\n\n\n
[15:30:00] [Render thread/INFO] (Minecraft) [System] [CHAT] §6Авторизация §7» §fПодтвердите вход в аккаунт
[15:30:03] [Render thread/INFO] (Minecraft) [System] [CHAT] \n\n\n\n\n\n\n\n\n\n\n\n\n\n\n\n\n\n\n\n\n\n\n\n\n\n\n\n\n\n
[15:30:03] [Render thread/INFO] (Minecraft) [System] [CHAT] §6Авторизация §7» §fПодтвердите вход в аккаунт
[15:30:03] [Render thread/INFO] (Minecraft) [System] [CHAT] \n\n\n\n\n\n\n\n\n\n\n\n\n\n\n\n\n\n\n\n\n\n\n\n\n\n\n\n\n\n
[15:30:04] [Netty NIO IO #2/WARN] (Minecraft) Unknown feature flag: minecraft:update_1_21
[15:30:04] [Netty NIO IO #2/WARN] (Minecraft) Unknown feature flag: minecraft:winter_drop
[15:30:04] [Netty NIO IO #2/WARN] (Minecraft) Unknown feature flag: minecraft:bundle
[15:30:05] [Render thread/INFO] (Minecraft) [System] [CHAT] Intensive server activity has been HALTED.
[15:30:05] [Render thread/INFO] (Minecraft) Loaded 3 advancements
[15:30:05] [Download-2/INFO] (Minecraft) Returning cached file since actual hash matches requested
[15:30:05] [Render thread/INFO] (Minecraft) Reloading ResourceManager: vanilla, com_viaversion_viaaprilfools-common, com_viaversion_viabackwards-common, com_viaversion_viaversion-common, fabric-api, fabric-api-base, fabric-api-lookup-api-v1, fabric-biome-api-v1, fabric-block-api-v1, fabric-block-view-api-v2, fabric-client-gametest-api-v1, fabric-command-api-v2, fabric-content-registries-v0, fabric-convention-tags-v1, fabric-convention-tags-v2, fabric-crash-report-info-v1, fabric-data-attachment-api-v1, fabric-data-generation-api-v1, fabric-dimensions-v1, fabric-entity-events-v1, fabric-events-interaction-v0, fabric-game-rule-api-v1, fabric-gametest-api-v1, fabric-item-api-v1, fabric-item-group-api-v1, fabric-key-binding-api-v1, fabric-lifecycle-events-v1, fabric-loot-api-v2, fabric-loot-api-v3, fabric-message-api-v1, fabric-model-loading-api-v1, fabric-networking-api-v1, fabric-object-builder-api-v1, fabric-particles-v1, fabric-recipe-api-v1, fabric-registry-sync-v0, fabric-renderer-api-v1, fabric-renderer-indigo, fabric-rendering-fluids-v1, fabric-rendering-v1, fabric-resource-conditions-api-v1, fabric-resource-loader-v0, fabric-resource-loader-v1, fabric-screen-api-v1, fabric-screen-handler-api-v1, fabric-serialization-api-v1, fabric-sound-api-v1, fabric-tag-api-v1, fabric-transfer-api-v1, fabric-transitive-access-wideners-v1, fabricloader, moonshine, net_raphimc_viabedrock, net_raphimc_vialegacy, viafabricplus, viafabricplus-visuals, server/00000000/34e507d0-e361-3b57-9aca-270cc606dc04
[15:30:05] [Render thread/INFO] (Minecraft) [System] [CHAT] Добро пожаловать на сервер ReallyWorld!\n\n  » Наш сайт reallyworld.me\n\n  » Дискорд сервер discord.gg/reallyworld\n  » Группа Вконтакте vk.com/reallyworlds\n  » Телеграм канал t.me/rwinfo\n\n  » Привязать аккаунт /link\n
[15:30:05] [Worker-Main-6/INFO] (Minecraft) Found unifont_all_no_pua-17.0.01.hex, loading
[15:30:05] [Worker-Main-9/INFO] (Minecraft) Found unifont_pua-17.0.01.hex, loading
[15:30:05] [Worker-Main-9/WARN] (Minecraft) Invalid path in datapack: modelengine:models/spiderman/right arm.json, ignoring
[15:30:05] [Worker-Main-9/WARN] (Minecraft) Invalid path in datapack: modelengine:models/ironman/left _arm.json, ignoring
[15:30:05] [Worker-Main-9/WARN] (Minecraft) Invalid path in datapack: modelengine:models/spiderman/left arm.json, ignoring
[15:30:05] [Worker-Main-3/INFO] (Minecraft) Found unifont_jp_patch-17.0.01.hex, loading
[15:30:06] [Worker-Main-6/WARN] (Minecraft) Texture modelengine:entity/monaska_3faza/soro with size 33x33 limits mip level from 4 to 0
[15:30:06] [Worker-Main-6/WARN] (Minecraft) minecraft:textures/atlas/blocks.png: dropping miplevel from 4 to 0, because of minimum power of two: 1
[15:30:06] [Worker-Main-1/WARN] (Minecraft) Missing block model: minecraft:builtin/entity
[15:30:06] [Worker-Main-8/WARN] (Minecraft) Missing textures in model reallyworld:item/god/archangel_spear:
    minecraft:block_or_item:minecraft:archangel_set_texture/archangel_spear
[15:30:06] [Worker-Main-8/WARN] (Minecraft) Missing textures in model reallyworld:item/god/archangel_wings:
    minecraft:block_or_item:minecraft:archangel_set_texture/archangel_wings
[15:30:06] [Worker-Main-8/WARN] (Minecraft) Missing textures in model reallyworld:item/god/archangel_sword:
    minecraft:block_or_item:minecraft:archangel_set_texture/archangel_sword
[15:30:06] [Worker-Main-8/WARN] (Minecraft) Missing texture references in model reallyworld:item/sphere/air:
    particle
[15:30:06] [Worker-Main-8/WARN] (Minecraft) Missing texture references in model reallyworld:item/sphere/dirt:
    particle
[15:30:06] [Worker-Main-8/WARN] (Minecraft) Missing texture references in model reallyworld:item/sphere/order:
    particle
[15:30:06] [Worker-Main-8/WARN] (Minecraft) Missing texture references in model reallyworld:item/god/archangel_spear:
    particle
[15:30:06] [Worker-Main-8/WARN] (Minecraft) Missing texture references in model reallyworld:item/rose_sword:
    particle
[15:30:06] [Worker-Main-8/WARN] (Minecraft) Missing texture references in model reallyworld:item/easter_sword:
    particle
[15:30:07] [Render thread/INFO] (Minecraft) OpenAL initialized on device OpenAL Soft on Динамики (High Definition Audio Device)
[15:30:07] [Render thread/INFO] (Minecraft) Sound engine started
[15:30:07] [Render thread/INFO] (Minecraft) Created: 512x256x0 minecraft:textures/atlas/particles.png-atlas
[15:30:07] [Render thread/INFO] (Minecraft) Created: 128x128x0 minecraft:textures/atlas/decorated_pot.png-atlas
[15:30:07] [Render thread/INFO] (Minecraft) Created: 2048x1024x0 minecraft:textures/atlas/armor_trims.png-atlas
[15:30:07] [Render thread/INFO] (Minecraft) Created: 512x256x0 minecraft:textures/atlas/paintings.png-atlas
[15:30:07] [Render thread/INFO] (Minecraft) Created: 1024x512x0 minecraft:textures/atlas/shield_patterns.png-atlas
[15:30:07] [Render thread/INFO] (Minecraft) Created: 4096x2048x0 minecraft:textures/atlas/blocks.png-atlas
[15:30:07] [Render thread/INFO] (Minecraft) Created: 512x512x0 minecraft:textures/atlas/chest.png-atlas
[15:30:07] [Render thread/INFO] (Minecraft) Created: 256x128x0 minecraft:textures/atlas/celestials.png-atlas
[15:30:07] [Render thread/INFO] (Minecraft) Created: 1024x512x0 minecraft:textures/atlas/banner_patterns.png-atlas
[15:30:07] [Render thread/INFO] (Minecraft) Created: 512x512x0 minecraft:textures/atlas/beds.png-atlas
[15:30:07] [Render thread/INFO] (Minecraft) Created: 1024x512x0 minecraft:textures/atlas/items.png-atlas
[15:30:07] [Render thread/INFO] (Minecraft) Created: 1024x1024x0 minecraft:textures/atlas/gui.png-atlas
[15:30:07] [Render thread/INFO] (Minecraft) Created: 128x64x0 minecraft:textures/atlas/map_decorations.png-atlas
[15:30:07] [Render thread/INFO] (Minecraft) Created: 512x256x0 minecraft:textures/atlas/signs.png-atlas
[15:30:07] [Render thread/INFO] (Minecraft) Created: 512x512x0 minecraft:textures/atlas/shulker_boxes.png-atlas
[15:30:07] [Render thread/WARN] (Minecraft) Duplicate sprite minecraft:entity/signs/pale_oak from atlas minecraft:textures/atlas/signs.png, already defined in atlas minecraft:textures/atlas/blocks.png. This will be rejected in a future version
[15:30:07] [Render thread/WARN] (Minecraft) Duplicate sprite minecraft:entity/decorated_pot/mourner_pottery_pattern from atlas minecraft:textures/atlas/decorated_pot.png, already defined in atlas minecraft:textures/atlas/blocks.png. This will be rejected in a future version
[15:30:07] [Render thread/WARN] (Minecraft) Duplicate sprite minecraft:entity/decorated_pot/scrape_pottery_pattern from atlas minecraft:textures/atlas/decorated_pot.png, already defined in atlas minecraft:textures/atlas/blocks.png. This will be rejected in a future version
[15:30:07] [Render thread/WARN] (Minecraft) Duplicate sprite minecraft:entity/decorated_pot/flow_pottery_pattern from atlas minecraft:textures/atlas/blocks.png, already defined in atlas minecraft:textures/atlas/decorated_pot.png. This will be rejected in a future version
[15:30:07] [Render thread/WARN] (Minecraft) Duplicate sprite minecraft:entity/decorated_pot/arms_up_pottery_pattern from atlas minecraft:textures/atlas/decorated_pot.png, already defined in atlas minecraft:textures/atlas/blocks.png. This will be rejected in a future version
[15:30:07] [Render thread/WARN] (Minecraft) Duplicate sprite minecraft:entity/decorated_pot/miner_pottery_pattern from atlas minecraft:textures/atlas/blocks.png, already defined in atlas minecraft:textures/atlas/decorated_pot.png. This will be rejected in a future version
[15:30:07] [Render thread/WARN] (Minecraft) Duplicate sprite minecraft:entity/signs/oak from atlas minecraft:textures/atlas/signs.png, already defined in atlas minecraft:textures/atlas/blocks.png. This will be rejected in a future version
[15:30:07] [Render thread/WARN] (Minecraft) Duplicate sprite minecraft:entity/signs/acacia from atlas minecraft:textures/atlas/blocks.png, already defined in atlas minecraft:textures/atlas/signs.png. This will be rejected in a future version
[15:30:07] [Render thread/WARN] (Minecraft) Duplicate sprite minecraft:entity/decorated_pot/guster_pottery_pattern from atlas minecraft:textures/atlas/blocks.png, already defined in atlas minecraft:textures/atlas/decorated_pot.png. This will be rejected in a future version
[15:30:07] [Render thread/WARN] (Minecraft) Duplicate sprite minecraft:entity/shield/square_bottom_left from atlas minecraft:textures/atlas/blocks.png, already defined in atlas minecraft:textures/atlas/shield_patterns.png. This will be rejected in a future version
[15:30:07] [Render thread/WARN] (Minecraft) Duplicate sprite minecraft:entity/banner/triangle_bottom from atlas minecraft:textures/atlas/blocks.png, already defined in atlas minecraft:textures/atlas/banner_patterns.png. This will be rejected in a future version
[15:30:07] [Render thread/WARN] (Minecraft) Duplicate sprite minecraft:entity/signs/hanging/cherry from atlas minecraft:textures/atlas/signs.png, already defined in atlas minecraft:textures/atlas/blocks.png. This will be rejected in a future version
[15:30:07] [Render thread/WARN] (Minecraft) Duplicate sprite minecraft:entity/bed/pink from atlas minecraft:textures/atlas/beds.png, already defined in atlas minecraft:textures/atlas/blocks.png. This will be rejected in a future version
[15:30:07] [Render thread/WARN] (Minecraft) Duplicate sprite minecraft:entity/shield/stripe_downleft from atlas minecraft:textures/atlas/shield_patterns.png, already defined in atlas minecraft:textures/atlas/blocks.png. This will be rejected in a future version
[15:30:07] [Render thread/WARN] (Minecraft) Duplicate sprite minecraft:entity/shield/triangles_bottom from atlas minecraft:textures/atlas/blocks.png, already defined in atlas minecraft:textures/atlas/shield_patterns.png. This will be rejected in a future version
[15:30:07] [Render thread/WARN] (Minecraft) Duplicate sprite minecraft:entity/bed/green from atlas minecraft:textures/atlas/blocks.png, already defined in atlas minecraft:textures/atlas/beds.png. This will be rejected in a future version
[15:30:07] [Render thread/WARN] (Minecraft) Duplicate sprite minecraft:entity/bed/black from atlas minecraft:textures/atlas/blocks.png, already defined in atlas minecraft:textures/atlas/beds.png. This will be rejected in a future version
[15:30:07] [Render thread/WARN] (Minecraft) Duplicate sprite minecraft:entity/signs/hanging/spruce from atlas minecraft:textures/atlas/blocks.png, already defined in atlas minecraft:textures/atlas/signs.png. This will be rejected in a future version
[15:30:07] [Render thread/WARN] (Minecraft) Duplicate sprite minecraft:entity/decorated_pot/decorated_pot_base from atlas minecraft:textures/atlas/blocks.png, already defined in atlas minecraft:textures/atlas/decorated_pot.png. This will be rejected in a future version
[15:30:07] [Render thread/WARN] (Minecraft) Duplicate sprite minecraft:entity/decorated_pot/burn_pottery_pattern from atlas minecraft:textures/atlas/blocks.png, already defined in atlas minecraft:textures/atlas/decorated_pot.png. This will be rejected in a future version
[15:30:07] [Render thread/WARN] (Minecraft) Duplicate sprite minecraft:entity/banner/small_stripes from atlas minecraft:textures/atlas/banner_patterns.png, already defined in atlas minecraft:textures/atlas/blocks.png. This will be rejected in a future version
[15:30:07] [Render thread/WARN] (Minecraft) Duplicate sprite minecraft:entity/banner/stripe_left from atlas minecraft:textures/atlas/banner_patterns.png, already defined in atlas minecraft:textures/atlas/blocks.png. This will be rejected in a future version
[15:30:07] [Render thread/WARN] (Minecraft) Duplicate sprite minecraft:entity/signs/hanging/mangrove from atlas minecraft:textures/atlas/blocks.png, already defined in atlas minecraft:textures/atlas/signs.png. This will be rejected in a future version
[15:30:07] [Render thread/WARN] (Minecraft) Duplicate sprite minecraft:entity/shield/square_bottom_right from atlas minecraft:textures/atlas/blocks.png, already defined in atlas minecraft:textures/atlas/shield_patterns.png. This will be rejected in a future version
[15:30:07] [Render thread/WARN] (Minecraft) Duplicate sprite minecraft:entity/banner_base from atlas minecraft:textures/atlas/blocks.png, already defined in atlas minecraft:textures/atlas/banner_patterns.png. This will be rejected in a future version
[15:30:07] [Render thread/WARN] (Minecraft) Duplicate sprite minecraft:entity/banner/straight_cross from atlas minecraft:textures/atlas/blocks.png, already defined in atlas minecraft:textures/atlas/banner_patterns.png. This will be rejected in a future version
[15:30:07] [Render thread/WARN] (Minecraft) Duplicate sprite minecraft:entity/chest/copper_exposed_left from atlas minecraft:textures/atlas/chest.png, already defined in atlas minecraft:textures/atlas/blocks.png. This will be rejected in a future version
[15:30:07] [Render thread/WARN] (Minecraft) Duplicate sprite minecraft:entity/banner/circle from atlas minecraft:textures/atlas/banner_patterns.png, already defined in atlas minecraft:textures/atlas/blocks.png. This will be rejected in a future version
[15:30:07] [Render thread/WARN] (Minecraft) Duplicate sprite minecraft:entity/shield/circle from atlas minecraft:textures/atlas/shield_patterns.png, already defined in atlas minecraft:textures/atlas/blocks.png. This will be rejected in a future version
[15:30:07] [Render thread/WARN] (Minecraft) Duplicate sprite minecraft:entity/shield/small_stripes from atlas minecraft:textures/atlas/blocks.png, already defined in atlas minecraft:textures/atlas/shield_patterns.png. This will be rejected in a future version
[15:30:07] [Render thread/WARN] (Minecraft) Duplicate sprite minecraft:entity/banner/globe from atlas minecraft:textures/atlas/blocks.png, already defined in atlas minecraft:textures/atlas/banner_patterns.png. This will be rejected in a future version
[15:30:07] [Render thread/WARN] (Minecraft) Duplicate sprite minecraft:entity/signs/spruce from atlas minecraft:textures/atlas/blocks.png, already defined in atlas minecraft:textures/atlas/signs.png. This will be rejected in a future version
[15:30:07] [Render thread/WARN] (Minecraft) Duplicate sprite minecraft:entity/decorated_pot/plenty_pottery_pattern from atlas minecraft:textures/atlas/blocks.png, already defined in atlas minecraft:textures/atlas/decorated_pot.png. This will be rejected in a future version
[15:30:07] [Render thread/WARN] (Minecraft) Duplicate sprite minecraft:entity/shield/flower from atlas minecraft:textures/atlas/blocks.png, already defined in atlas minecraft:textures/atlas/shield_patterns.png. This will be rejected in a future version
[15:30:07] [Render thread/WARN] (Minecraft) Duplicate sprite minecraft:entity/shield/straight_cross from atlas minecraft:textures/atlas/blocks.png, already defined in atlas minecraft:textures/atlas/shield_patterns.png. This will be rejected in a future version
[15:30:07] [Render thread/WARN] (Minecraft) Duplicate sprite minecraft:entity/banner/stripe_right from atlas minecraft:textures/atlas/blocks.png, already defined in atlas minecraft:textures/atlas/banner_patterns.png. This will be rejected in a future version
[15:30:07] [Render thread/WARN] (Minecraft) Duplicate sprite minecraft:entity/chest/christmas_right from atlas minecraft:textures/atlas/chest.png, already defined in atlas minecraft:textures/atlas/blocks.png. This will be rejected in a future version
[15:30:07] [Render thread/WARN] (Minecraft) Duplicate sprite minecraft:entity/decorated_pot/heartbreak_pottery_pattern from atlas minecraft:textures/atlas/blocks.png, already defined in atlas minecraft:textures/atlas/decorated_pot.png. This will be rejected in a future version
[15:30:07] [Render thread/WARN] (Minecraft) Duplicate sprite minecraft:entity/banner/cross from atlas minecraft:textures/atlas/blocks.png, already defined in atlas minecraft:textures/atlas/banner_patterns.png. This will be rejected in a future version
[15:30:07] [Render thread/WARN] (Minecraft) Duplicate sprite minecraft:entity/banner/half_horizontal_bottom from atlas minecraft:textures/atlas/banner_patterns.png, already defined in atlas minecraft:textures/atlas/blocks.png. This will be rejected in a future version
[15:30:07] [Render thread/WARN] (Minecraft) Duplicate sprite minecraft:entity/decorated_pot/heart_pottery_pattern from atlas minecraft:textures/atlas/decorated_pot.png, already defined in atlas minecraft:textures/atlas/blocks.png. This will be rejected in a future version
[15:30:07] [Render thread/WARN] (Minecraft) Duplicate sprite minecraft:entity/decorated_pot/angler_pottery_pattern from atlas minecraft:textures/atlas/blocks.png, already defined in atlas minecraft:textures/atlas/decorated_pot.png. This will be rejected in a future version
[15:30:07] [Render thread/WARN] (Minecraft) Duplicate sprite minecraft:entity/banner/bricks from atlas minecraft:textures/atlas/blocks.png, already defined in atlas minecraft:textures/atlas/banner_patterns.png. This will be rejected in a future version
[15:30:07] [Render thread/WARN] (Minecraft) Duplicate sprite minecraft:entity/shulker/shulker_blue from atlas minecraft:textures/atlas/blocks.png, already defined in atlas minecraft:textures/atlas/shulker_boxes.png. This will be rejected in a future version
[15:30:07] [Render thread/WARN] (Minecraft) Duplicate sprite minecraft:entity/signs/hanging/jungle from atlas minecraft:textures/atlas/signs.png, already defined in atlas minecraft:textures/atlas/blocks.png. This will be rejected in a future version
[15:30:07] [Render thread/WARN] (Minecraft) Duplicate sprite minecraft:entity/shulker/shulker_red from atlas minecraft:textures/atlas/shulker_boxes.png, already defined in atlas minecraft:textures/atlas/blocks.png. This will be rejected in a future version
[15:30:07] [Render thread/WARN] (Minecraft) Duplicate sprite minecraft:entity/shulker/shulker_lime from atlas minecraft:textures/atlas/blocks.png, already defined in atlas minecraft:textures/atlas/shulker_boxes.png. This will be rejected in a future version
[15:30:07] [Render thread/WARN] (Minecraft) Duplicate sprite minecraft:entity/signs/hanging/dark_oak from atlas minecraft:textures/atlas/signs.png, already defined in atlas minecraft:textures/atlas/blocks.png. This will be rejected in a future version
[15:30:07] [Render thread/WARN] (Minecraft) Duplicate sprite minecraft:entity/decorated_pot/skull_pottery_pattern from atlas minecraft:textures/atlas/decorated_pot.png, already defined in atlas minecraft:textures/atlas/blocks.png. This will be rejected in a future version
[15:30:07] [Render thread/WARN] (Minecraft) Duplicate sprite minecraft:entity/banner/gradient from atlas minecraft:textures/atlas/banner_patterns.png, already defined in atlas minecraft:textures/atlas/blocks.png. This will be rejected in a future version
[15:30:07] [Render thread/WARN] (Minecraft) Duplicate sprite minecraft:entity/banner/flower from atlas minecraft:textures/atlas/banner_patterns.png, already defined in atlas minecraft:textures/atlas/blocks.png. This will be rejected in a future version
[15:30:07] [Render thread/WARN] (Minecraft) Duplicate sprite minecraft:entity/chest/trapped_left from atlas minecraft:textures/atlas/blocks.png, already defined in atlas minecraft:textures/atlas/chest.png. This will be rejected in a future version
[15:30:07] [Render thread/WARN] (Minecraft) Duplicate sprite minecraft:entity/signs/dark_oak from atlas minecraft:textures/atlas/blocks.png, already defined in atlas minecraft:textures/atlas/signs.png. This will be rejected in a future version
[15:30:07] [Render thread/WARN] (Minecraft) Duplicate sprite minecraft:entity/banner/half_vertical from atlas minecraft:textures/atlas/blocks.png, already defined in atlas minecraft:textures/atlas/banner_patterns.png. This will be rejected in a future version
[15:30:07] [Render thread/WARN] (Minecraft) Duplicate sprite minecraft:entity/shulker/shulker_gray from atlas minecraft:textures/atlas/blocks.png, already defined in atlas minecraft:textures/atlas/shulker_boxes.png. This will be rejected in a future version
[15:30:07] [Render thread/WARN] (Minecraft) Duplicate sprite minecraft:entity/shulker/shulker_white from atlas minecraft:textures/atlas/blocks.png, already defined in atlas minecraft:textures/atlas/shulker_boxes.png. This will be rejected in a future version
[15:30:07] [Render thread/WARN] (Minecraft) Duplicate sprite minecraft:entity/shulker/shulker_orange from atlas minecraft:textures/atlas/shulker_boxes.png, already defined in atlas minecraft:textures/atlas/blocks.png. This will be rejected in a future version
[15:30:07] [Render thread/WARN] (Minecraft) Duplicate sprite minecraft:entity/banner/stripe_bottom from atlas minecraft:textures/atlas/banner_patterns.png, already defined in atlas minecraft:textures/atlas/blocks.png. This will be rejected in a future version
[15:30:07] [Render thread/WARN] (Minecraft) Duplicate sprite minecraft:entity/banner/creeper from atlas minecraft:textures/atlas/banner_patterns.png, already defined in atlas minecraft:textures/atlas/blocks.png. This will be rejected in a future version
[15:30:07] [Render thread/WARN] (Minecraft) Duplicate sprite minecraft:entity/shield/triangles_top from atlas minecraft:textures/atlas/shield_patterns.png, already defined in atlas minecraft:textures/atlas/blocks.png. This will be rejected in a future version
[15:30:07] [Render thread/WARN] (Minecraft) Duplicate sprite minecraft:entity/banner/half_horizontal from atlas minecraft:textures/atlas/banner_patterns.png, already defined in atlas minecraft:textures/atlas/blocks.png. This will be rejected in a future version
[15:30:07] [Render thread/WARN] (Minecraft) Duplicate sprite minecraft:entity/banner/square_bottom_left from atlas minecraft:textures/atlas/blocks.png, already defined in atlas minecraft:textures/atlas/banner_patterns.png. This will be rejected in a future version
[15:30:07] [Render thread/WARN] (Minecraft) Duplicate sprite minecraft:entity/bed/yellow from atlas minecraft:textures/atlas/beds.png, already defined in atlas minecraft:textures/atlas/blocks.png. This will be rejected in a future version
[15:30:07] [Render thread/WARN] (Minecraft) Duplicate sprite minecraft:entity/shulker/shulker_yellow from atlas minecraft:textures/atlas/blocks.png, already defined in atlas minecraft:textures/atlas/shulker_boxes.png. This will be rejected in a future version
[15:30:07] [Render thread/WARN] (Minecraft) Duplicate sprite minecraft:entity/bed/light_blue from atlas minecraft:textures/atlas/blocks.png, already defined in atlas minecraft:textures/atlas/beds.png. This will be rejected in a future version
[15:30:07] [Render thread/WARN] (Minecraft) Duplicate sprite minecraft:entity/banner/skull from atlas minecraft:textures/atlas/blocks.png, already defined in atlas minecraft:textures/atlas/banner_patterns.png. This will be rejected in a future version
[15:30:07] [Render thread/WARN] (Minecraft) Duplicate sprite minecraft:entity/chest/copper_weathered_left from atlas minecraft:textures/atlas/chest.png, already defined in atlas minecraft:textures/atlas/blocks.png. This will be rejected in a future version
[15:30:07] [Render thread/WARN] (Minecraft) Duplicate sprite minecraft:entity/banner/triangles_top from atlas minecraft:textures/atlas/blocks.png, already defined in atlas minecraft:textures/atlas/banner_patterns.png. This will be rejected in a future version
[15:30:07] [Render thread/WARN] (Minecraft) Duplicate sprite minecraft:entity/chest/copper_weathered_right from atlas minecraft:textures/atlas/blocks.png, already defined in atlas minecraft:textures/atlas/chest.png. This will be rejected in a future version
[15:30:07] [Render thread/WARN] (Minecraft) Duplicate sprite minecraft:entity/shield/triangle_top from atlas minecraft:textures/atlas/blocks.png, already defined in atlas minecraft:textures/atlas/shield_patterns.png. This will be rejected in a future version
[15:30:07] [Render thread/WARN] (Minecraft) Duplicate sprite minecraft:entity/shield/mojang from atlas minecraft:textures/atlas/shield_patterns.png, already defined in atlas minecraft:textures/atlas/blocks.png. This will be rejected in a future version
[15:30:07] [Render thread/WARN] (Minecraft) Duplicate sprite minecraft:entity/shield/half_horizontal from atlas minecraft:textures/atlas/blocks.png, already defined in atlas minecraft:textures/atlas/shield_patterns.png. This will be rejected in a future version
[15:30:07] [Render thread/WARN] (Minecraft) Duplicate sprite minecraft:entity/shulker/shulker_purple from atlas minecraft:textures/atlas/shulker_boxes.png, already defined in atlas minecraft:textures/atlas/blocks.png. This will be rejected in a future version
[15:30:07] [Render thread/WARN] (Minecraft) Duplicate sprite minecraft:entity/decorated_pot/howl_pottery_pattern from atlas minecraft:textures/atlas/decorated_pot.png, already defined in atlas minecraft:textures/atlas/blocks.png. This will be rejected in a future version
[15:30:07] [Render thread/WARN] (Minecraft) Duplicate sprite minecraft:entity/signs/birch from atlas minecraft:textures/atlas/signs.png, already defined in atlas minecraft:textures/atlas/blocks.png. This will be rejected in a future version
[15:30:07] [Render thread/WARN] (Minecraft) Duplicate sprite minecraft:entity/chest/copper_oxidized from atlas minecraft:textures/atlas/chest.png, already defined in atlas minecraft:textures/atlas/blocks.png. This will be rejected in a future version
[15:30:07] [Render thread/WARN] (Minecraft) Duplicate sprite minecraft:entity/decorated_pot/archer_pottery_pattern from atlas minecraft:textures/atlas/blocks.png, already defined in atlas minecraft:textures/atlas/decorated_pot.png. This will be rejected in a future version
[15:30:07] [Render thread/WARN] (Minecraft) Duplicate sprite minecraft:entity/shield/bricks from atlas minecraft:textures/atlas/shield_patterns.png, already defined in atlas minecraft:textures/atlas/blocks.png. This will be rejected in a future version
[15:30:07] [Render thread/WARN] (Minecraft) Duplicate sprite minecraft:entity/signs/jungle from atlas minecraft:textures/atlas/blocks.png, already defined in atlas minecraft:textures/atlas/signs.png. This will be rejected in a future version
[15:30:07] [Render thread/WARN] (Minecraft) Duplicate sprite minecraft:entity/bed/magenta from atlas minecraft:textures/atlas/beds.png, already defined in atlas minecraft:textures/atlas/blocks.png. This will be rejected in a future version
[15:30:07] [Render thread/WARN] (Minecraft) Duplicate sprite minecraft:entity/banner/diagonal_up_left from atlas minecraft:textures/atlas/banner_patterns.png, already defined in atlas minecraft:textures/atlas/blocks.png. This will be rejected in a future version
[15:30:07] [Render thread/WARN] (Minecraft) Duplicate sprite minecraft:entity/shield/diagonal_left from atlas minecraft:textures/atlas/shield_patterns.png, already defined in atlas minecraft:textures/atlas/blocks.png. This will be rejected in a future version
[15:30:07] [Render thread/WARN] (Minecraft) Duplicate sprite minecraft:entity/shield/stripe_middle from atlas minecraft:textures/atlas/shield_patterns.png, already defined in atlas minecraft:textures/atlas/blocks.png. This will be rejected in a future version
[15:30:07] [Render thread/WARN] (Minecraft) Duplicate sprite minecraft:entity/decorated_pot/snort_pottery_pattern from atlas minecraft:textures/atlas/blocks.png, already defined in atlas minecraft:textures/atlas/decorated_pot.png. This will be rejected in a future version
[15:30:07] [Render thread/WARN] (Minecraft) Duplicate sprite minecraft:entity/shield/base from atlas minecraft:textures/atlas/shield_patterns.png, already defined in atlas minecraft:textures/atlas/blocks.png. This will be rejected in a future version
[15:30:07] [Render thread/WARN] (Minecraft) Duplicate sprite minecraft:entity/banner/square_bottom_right from atlas minecraft:textures/atlas/blocks.png, already defined in atlas minecraft:textures/atlas/banner_patterns.png. This will be rejected in a future version
[15:30:07] [Render thread/WARN] (Minecraft) Duplicate sprite minecraft:entity/banner/stripe_downleft from atlas minecraft:textures/atlas/blocks.png, already defined in atlas minecraft:textures/atlas/banner_patterns.png. This will be rejected in a future version
[15:30:07] [Render thread/WARN] (Minecraft) Duplicate sprite minecraft:entity/bed/cyan from atlas minecraft:textures/atlas/blocks.png, already defined in atlas minecraft:textures/atlas/beds.png. This will be rejected in a future version
[15:30:07] [Render thread/WARN] (Minecraft) Duplicate sprite minecraft:entity/bed/blue from atlas minecraft:textures/atlas/beds.png, already defined in atlas minecraft:textures/atlas/blocks.png. This will be rejected in a future version
[15:30:07] [Render thread/WARN] (Minecraft) Duplicate sprite minecraft:entity/decorated_pot/brewer_pottery_pattern from atlas minecraft:textures/atlas/blocks.png, already defined in atlas minecraft:textures/atlas/decorated_pot.png. This will be rejected in a future version
[15:30:07] [Render thread/WARN] (Minecraft) Duplicate sprite minecraft:entity/signs/hanging/oak from atlas minecraft:textures/atlas/signs.png, already defined in atlas minecraft:textures/atlas/blocks.png. This will be rejected in a future version
[15:30:07] [Render thread/WARN] (Minecraft) Duplicate sprite minecraft:entity/bed/lime from atlas minecraft:textures/atlas/beds.png, already defined in atlas minecraft:textures/atlas/blocks.png. This will be rejected in a future version
[15:30:07] [Render thread/WARN] (Minecraft) Duplicate sprite minecraft:entity/chest/christmas_left from atlas minecraft:textures/atlas/blocks.png, already defined in atlas minecraft:textures/atlas/chest.png. This will be rejected in a future version
[15:30:07] [Render thread/WARN] (Minecraft) Duplicate sprite minecraft:entity/shield/stripe_left from atlas minecraft:textures/atlas/blocks.png, already defined in atlas minecraft:textures/atlas/shield_patterns.png. This will be rejected in a future version
[15:30:07] [Render thread/WARN] (Minecraft) Duplicate sprite minecraft:entity/banner/mojang from atlas minecraft:textures/atlas/banner_patterns.png, already defined in atlas minecraft:textures/atlas/blocks.png. This will be rejected in a future version
[15:30:07] [Render thread/WARN] (Minecraft) Duplicate sprite minecraft:entity/shield/gradient from atlas minecraft:textures/atlas/shield_patterns.png, already defined in atlas minecraft:textures/atlas/blocks.png. This will be rejected in a future version
[15:30:07] [Render thread/WARN] (Minecraft) Duplicate sprite minecraft:entity/chest/copper_exposed from atlas minecraft:textures/atlas/blocks.png, already defined in atlas minecraft:textures/atlas/chest.png. This will be rejected in a future version
[15:30:07] [Render thread/WARN] (Minecraft) Duplicate sprite minecraft:entity/shield_base from atlas minecraft:textures/atlas/blocks.png, already defined in atlas minecraft:textures/atlas/shield_patterns.png. This will be rejected in a future version
[15:30:07] [Render thread/WARN] (Minecraft) Duplicate sprite minecraft:entity/shield/diagonal_up_right from atlas minecraft:textures/atlas/shield_patterns.png, already defined in atlas minecraft:textures/atlas/blocks.png. This will be rejected in a future version
[15:30:07] [Render thread/WARN] (Minecraft) Duplicate sprite minecraft:entity/shield/half_horizontal_bottom from atlas minecraft:textures/atlas/shield_patterns.png, already defined in atlas minecraft:textures/atlas/blocks.png. This will be rejected in a future version
[15:30:07] [Render thread/WARN] (Minecraft) Duplicate sprite minecraft:entity/bed/brown from atlas minecraft:textures/atlas/blocks.png, already defined in atlas minecraft:textures/atlas/beds.png. This will be rejected in a future version
[15:30:07] [Render thread/WARN] (Minecraft) Duplicate sprite minecraft:entity/shield/stripe_bottom from atlas minecraft:textures/atlas/shield_patterns.png, already defined in atlas minecraft:textures/atlas/blocks.png. This will be rejected in a future version
[15:30:07] [Render thread/WARN] (Minecraft) Duplicate sprite minecraft:entity/chest/copper_left from atlas minecraft:textures/atlas/blocks.png, already defined in atlas minecraft:textures/atlas/chest.png. This will be rejected in a future version
[15:30:07] [Render thread/WARN] (Minecraft) Duplicate sprite minecraft:entity/banner/stripe_center from atlas minecraft:textures/atlas/blocks.png, already defined in atlas minecraft:textures/atlas/banner_patterns.png. This will be rejected in a future version
[15:30:07] [Render thread/WARN] (Minecraft) Duplicate sprite minecraft:entity/bed/light_gray from atlas minecraft:textures/atlas/blocks.png, already defined in atlas minecraft:textures/atlas/beds.png. This will be rejected in a future version
[15:30:07] [Render thread/WARN] (Minecraft) Duplicate sprite minecraft:entity/chest/ender from atlas minecraft:textures/atlas/chest.png, already defined in atlas minecraft:textures/atlas/blocks.png. This will be rejected in a future version
[15:30:07] [Render thread/WARN] (Minecraft) Duplicate sprite minecraft:entity/banner/guster from atlas minecraft:textures/atlas/blocks.png, already defined in atlas minecraft:textures/atlas/banner_patterns.png. This will be rejected in a future version
[15:30:07] [Render thread/WARN] (Minecraft) Duplicate sprite minecraft:entity/shield/cross from atlas minecraft:textures/atlas/blocks.png, already defined in atlas minecraft:textures/atlas/shield_patterns.png. This will be rejected in a future version
[15:30:07] [Render thread/WARN] (Minecraft) Duplicate sprite minecraft:entity/shield/stripe_right from atlas minecraft:textures/atlas/shield_patterns.png, already defined in atlas minecraft:textures/atlas/blocks.png. This will be rejected in a future version
[15:30:07] [Render thread/WARN] (Minecraft) Duplicate sprite minecraft:entity/banner/diagonal_up_right from atlas minecraft:textures/atlas/banner_patterns.png, already defined in atlas minecraft:textures/atlas/blocks.png. This will be rejected in a future version
[15:30:07] [Render thread/WARN] (Minecraft) Duplicate sprite minecraft:entity/shield/globe from atlas minecraft:textures/atlas/blocks.png, already defined in atlas minecraft:textures/atlas/shield_patterns.png. This will be rejected in a future version
[15:30:07] [Render thread/WARN] (Minecraft) Duplicate sprite minecraft:entity/shield/curly_border from atlas minecraft:textures/atlas/blocks.png, already defined in atlas minecraft:textures/atlas/shield_patterns.png. This will be rejected in a future version
[15:30:07] [Render thread/WARN] (Minecraft) Duplicate sprite minecraft:entity/signs/hanging/warped from atlas minecraft:textures/atlas/signs.png, already defined in atlas minecraft:textures/atlas/blocks.png. This will be rejected in a future version
[15:30:07] [Render thread/WARN] (Minecraft) Duplicate sprite minecraft:entity/shulker/shulker_pink from atlas minecraft:textures/atlas/blocks.png, already defined in atlas minecraft:textures/atlas/shulker_boxes.png. This will be rejected in a future version
[15:30:07] [Render thread/WARN] (Minecraft) Duplicate sprite minecraft:entity/chest/normal_left from atlas minecraft:textures/atlas/chest.png, already defined in atlas minecraft:textures/atlas/blocks.png. This will be rejected in a future version
[15:30:07] [Render thread/WARN] (Minecraft) Duplicate sprite minecraft:entity/banner/border from atlas minecraft:textures/atlas/blocks.png, already defined in atlas minecraft:textures/atlas/banner_patterns.png. This will be rejected in a future version
[15:30:07] [Render thread/WARN] (Minecraft) Duplicate sprite minecraft:entity/decorated_pot/blade_pottery_pattern from atlas minecraft:textures/atlas/decorated_pot.png, already defined in atlas minecraft:textures/atlas/blocks.png. This will be rejected in a future version
[15:30:07] [Render thread/WARN] (Minecraft) Duplicate sprite minecraft:entity/banner/diagonal_right from atlas minecraft:textures/atlas/banner_patterns.png, already defined in atlas minecraft:textures/atlas/blocks.png. This will be rejected in a future version
[15:30:07] [Render thread/WARN] (Minecraft) Duplicate sprite minecraft:entity/signs/bamboo from atlas minecraft:textures/atlas/signs.png, already defined in atlas minecraft:textures/atlas/blocks.png. This will be rejected in a future version
[15:30:07] [Render thread/WARN] (Minecraft) Duplicate sprite minecraft:entity/bed/white from atlas minecraft:textures/atlas/beds.png, already defined in atlas minecraft:textures/atlas/blocks.png. This will be rejected in a future version
[15:30:07] [Render thread/WARN] (Minecraft) Duplicate sprite minecraft:entity/shield/diagonal_up_left from atlas minecraft:textures/atlas/blocks.png, already defined in atlas minecraft:textures/atlas/shield_patterns.png. This will be rejected in a future version
[15:30:07] [Render thread/WARN] (Minecraft) Duplicate sprite minecraft:entity/decorated_pot/prize_pottery_pattern from atlas minecraft:textures/atlas/decorated_pot.png, already defined in atlas minecraft:textures/atlas/blocks.png. This will be rejected in a future version
[15:30:07] [Render thread/WARN] (Minecraft) Duplicate sprite minecraft:entity/decorated_pot/decorated_pot_side from atlas minecraft:textures/atlas/blocks.png, already defined in atlas minecraft:textures/atlas/decorated_pot.png. This will be rejected in a future version
[15:30:07] [Render thread/WARN] (Minecraft) Duplicate sprite minecraft:entity/shield/half_vertical_right from atlas minecraft:textures/atlas/shield_patterns.png, already defined in atlas minecraft:textures/atlas/blocks.png. This will be rejected in a future version
[15:30:07] [Render thread/WARN] (Minecraft) Duplicate sprite minecraft:entity/shield/creeper from atlas minecraft:textures/atlas/blocks.png, already defined in atlas minecraft:textures/atlas/shield_patterns.png. This will be rejected in a future version
[15:30:07] [Render thread/WARN] (Minecraft) Duplicate sprite minecraft:entity/banner/piglin from atlas minecraft:textures/atlas/blocks.png, already defined in atlas minecraft:textures/atlas/banner_patterns.png. This will be rejected in a future version
[15:30:07] [Render thread/WARN] (Minecraft) Duplicate sprite minecraft:entity/chest/normal from atlas minecraft:textures/atlas/blocks.png, already defined in atlas minecraft:textures/atlas/chest.png. This will be rejected in a future version
[15:30:07] [Render thread/WARN] (Minecraft) Duplicate sprite minecraft:entity/banner/curly_border from atlas minecraft:textures/atlas/banner_patterns.png, already defined in atlas minecraft:textures/atlas/blocks.png. This will be rejected in a future version
[15:30:07] [Render thread/WARN] (Minecraft) Duplicate sprite minecraft:entity/shield/skull from atlas minecraft:textures/atlas/blocks.png, already defined in atlas minecraft:textures/atlas/shield_patterns.png. This will be rejected in a future version
[15:30:07] [Render thread/WARN] (Minecraft) Duplicate sprite minecraft:entity/shulker/shulker_light_gray from atlas minecraft:textures/atlas/shulker_boxes.png, already defined in atlas minecraft:textures/atlas/blocks.png. This will be rejected in a future version
[15:30:07] [Render thread/WARN] (Minecraft) Duplicate sprite minecraft:entity/decorated_pot/sheaf_pottery_pattern from atlas minecraft:textures/atlas/blocks.png, already defined in atlas minecraft:textures/atlas/decorated_pot.png. This will be rejected in a future version
[15:30:07] [Render thread/WARN] (Minecraft) Duplicate sprite minecraft:entity/decorated_pot/explorer_pottery_pattern from atlas minecraft:textures/atlas/decorated_pot.png, already defined in atlas minecraft:textures/atlas/blocks.png. This will be rejected in a future version
[15:30:07] [Render thread/WARN] (Minecraft) Duplicate sprite minecraft:entity/banner/triangles_bottom from atlas minecraft:textures/atlas/banner_patterns.png, already defined in atlas minecraft:textures/atlas/blocks.png. This will be rejected in a future version
[15:30:07] [Render thread/WARN] (Minecraft) Duplicate sprite minecraft:entity/shulker/spark from atlas minecraft:textures/atlas/shulker_boxes.png, already defined in atlas minecraft:textures/atlas/blocks.png. This will be rejected in a future version
[15:30:07] [Render thread/WARN] (Minecraft) Duplicate sprite minecraft:entity/banner/flow from atlas minecraft:textures/atlas/banner_patterns.png, already defined in atlas minecraft:textures/atlas/blocks.png. This will be rejected in a future version
[15:30:07] [Render thread/WARN] (Minecraft) Duplicate sprite minecraft:entity/shield/rhombus from atlas minecraft:textures/atlas/blocks.png, already defined in atlas minecraft:textures/atlas/shield_patterns.png. This will be rejected in a future version
[15:30:07] [Render thread/WARN] (Minecraft) Duplicate sprite minecraft:entity/banner/half_vertical_right from atlas minecraft:textures/atlas/blocks.png, already defined in atlas minecraft:textures/atlas/banner_patterns.png. This will be rejected in a future version
[15:30:07] [Render thread/WARN] (Minecraft) Duplicate sprite minecraft:entity/shulker/shulker_magenta from atlas minecraft:textures/atlas/blocks.png, already defined in atlas minecraft:textures/atlas/shulker_boxes.png. This will be rejected in a future version
[15:30:07] [Render thread/WARN] (Minecraft) Duplicate sprite minecraft:entity/signs/hanging/acacia from atlas minecraft:textures/atlas/signs.png, already defined in atlas minecraft:textures/atlas/blocks.png. This will be rejected in a future version
[15:30:07] [Render thread/WARN] (Minecraft) Duplicate sprite minecraft:entity/shield/stripe_center from atlas minecraft:textures/atlas/blocks.png, already defined in atlas minecraft:textures/atlas/shield_patterns.png. This will be rejected in a future version
[15:30:07] [Render thread/WARN] (Minecraft) Duplicate sprite minecraft:entity/chest/copper from atlas minecraft:textures/atlas/chest.png, already defined in atlas minecraft:textures/atlas/blocks.png. This will be rejected in a future version
[15:30:07] [Render thread/WARN] (Minecraft) Duplicate sprite minecraft:entity/shield_base_nopattern from atlas minecraft:textures/atlas/blocks.png, already defined in atlas minecraft:textures/atlas/shield_patterns.png. This will be rejected in a future version
[15:30:07] [Render thread/WARN] (Minecraft) Duplicate sprite minecraft:entity/bed/orange from atlas minecraft:textures/atlas/beds.png, already defined in atlas minecraft:textures/atlas/blocks.png. This will be rejected in a future version
[15:30:07] [Render thread/WARN] (Minecraft) Duplicate sprite minecraft:entity/shulker/shulker_green from atlas minecraft:textures/atlas/blocks.png, already defined in atlas minecraft:textures/atlas/shulker_boxes.png. This will be rejected in a future version
[15:30:07] [Render thread/WARN] (Minecraft) Duplicate sprite minecraft:entity/shield/stripe_downright from atlas minecraft:textures/atlas/shield_patterns.png, already defined in atlas minecraft:textures/atlas/blocks.png. This will be rejected in a future version
[15:30:07] [Render thread/WARN] (Minecraft) Duplicate sprite minecraft:entity/bed/purple from atlas minecraft:textures/atlas/beds.png, already defined in atlas minecraft:textures/atlas/blocks.png. This will be rejected in a future version
[15:30:07] [Render thread/WARN] (Minecraft) Duplicate sprite minecraft:entity/shield/guster from atlas minecraft:textures/atlas/blocks.png, already defined in atlas minecraft:textures/atlas/shield_patterns.png. This will be rejected in a future version
[15:30:07] [Render thread/WARN] (Minecraft) Duplicate sprite minecraft:entity/shulker/shulker_light_blue from atlas minecraft:textures/atlas/shulker_boxes.png, already defined in atlas minecraft:textures/atlas/blocks.png. This will be rejected in a future version
[15:30:07] [Render thread/WARN] (Minecraft) Duplicate sprite minecraft:entity/chest/copper_oxidized_right from atlas minecraft:textures/atlas/blocks.png, already defined in atlas minecraft:textures/atlas/chest.png. This will be rejected in a future version
[15:30:07] [Render thread/WARN] (Minecraft) Duplicate sprite minecraft:entity/chest/normal_right from atlas minecraft:textures/atlas/blocks.png, already defined in atlas minecraft:textures/atlas/chest.png. This will be rejected in a future version
[15:30:07] [Render thread/WARN] (Minecraft) Duplicate sprite minecraft:entity/shield/stripe_top from atlas minecraft:textures/atlas/shield_patterns.png, already defined in atlas minecraft:textures/atlas/blocks.png. This will be rejected in a future version
[15:30:07] [Render thread/WARN] (Minecraft) Duplicate sprite minecraft:entity/chest/christmas from atlas minecraft:textures/atlas/blocks.png, already defined in atlas minecraft:textures/atlas/chest.png. This will be rejected in a future version
[15:30:07] [Render thread/WARN] (Minecraft) Duplicate sprite minecraft:entity/banner/stripe_middle from atlas minecraft:textures/atlas/banner_patterns.png, already defined in atlas minecraft:textures/atlas/blocks.png. This will be rejected in a future version
[15:30:07] [Render thread/WARN] (Minecraft) Duplicate sprite minecraft:entity/banner/triangle_top from atlas minecraft:textures/atlas/banner_patterns.png, already defined in atlas minecraft:textures/atlas/blocks.png. This will be rejected in a future version
[15:30:07] [Render thread/WARN] (Minecraft) Duplicate sprite minecraft:entity/shield/square_top_left from atlas minecraft:textures/atlas/blocks.png, already defined in atlas minecraft:textures/atlas/shield_patterns.png. This will be rejected in a future version
[15:30:07] [Render thread/WARN] (Minecraft) Duplicate sprite minecraft:entity/shulker/shulker from atlas minecraft:textures/atlas/blocks.png, already defined in atlas minecraft:textures/atlas/shulker_boxes.png. This will be rejected in a future version
[15:30:07] [Render thread/WARN] (Minecraft) Duplicate sprite minecraft:entity/banner/diagonal_left from atlas minecraft:textures/atlas/banner_patterns.png, already defined in atlas minecraft:textures/atlas/blocks.png. This will be rejected in a future version
[15:30:07] [Render thread/WARN] (Minecraft) Duplicate sprite minecraft:entity/banner/rhombus from atlas minecraft:textures/atlas/banner_patterns.png, already defined in atlas minecraft:textures/atlas/blocks.png. This will be rejected in a future version
[15:30:07] [Render thread/WARN] (Minecraft) Duplicate sprite minecraft:entity/signs/hanging/pale_oak from atlas minecraft:textures/atlas/signs.png, already defined in atlas minecraft:textures/atlas/blocks.png. This will be rejected in a future version
[15:30:07] [Render thread/WARN] (Minecraft) Duplicate sprite minecraft:entity/shulker/shulker_brown from atlas minecraft:textures/atlas/shulker_boxes.png, already defined in atlas minecraft:textures/atlas/blocks.png. This will be rejected in a future version
[15:30:07] [Render thread/WARN] (Minecraft) Duplicate sprite minecraft:entity/shulker/shulker_black from atlas minecraft:textures/atlas/blocks.png, already defined in atlas minecraft:textures/atlas/shulker_boxes.png. This will be rejected in a future version
[15:30:07] [Render thread/WARN] (Minecraft) Duplicate sprite minecraft:entity/bed/gray from atlas minecraft:textures/atlas/blocks.png, already defined in atlas minecraft:textures/atlas/beds.png. This will be rejected in a future version
[15:30:07] [Render thread/WARN] (Minecraft) Duplicate sprite minecraft:entity/chest/trapped from atlas minecraft:textures/atlas/chest.png, already defined in atlas minecraft:textures/atlas/blocks.png. This will be rejected in a future version
[15:30:07] [Render thread/WARN] (Minecraft) Duplicate sprite minecraft:entity/banner/stripe_downright from atlas minecraft:textures/atlas/banner_patterns.png, already defined in atlas minecraft:textures/atlas/blocks.png. This will be rejected in a future version
[15:30:07] [Render thread/WARN] (Minecraft) Duplicate sprite minecraft:entity/signs/cherry from atlas minecraft:textures/atlas/blocks.png, already defined in atlas minecraft:textures/atlas/signs.png. This will be rejected in a future version
[15:30:07] [Render thread/WARN] (Minecraft) Duplicate sprite minecraft:entity/signs/mangrove from atlas minecraft:textures/atlas/signs.png, already defined in atlas minecraft:textures/atlas/blocks.png. This will be rejected in a future version
[15:30:07] [Render thread/WARN] (Minecraft) Duplicate sprite minecraft:entity/shulker/shulker_cyan from atlas minecraft:textures/atlas/shulker_boxes.png, already defined in atlas minecraft:textures/atlas/blocks.png. This will be rejected in a future version
[15:30:07] [Render thread/WARN] (Minecraft) Duplicate sprite minecraft:entity/signs/crimson from atlas minecraft:textures/atlas/signs.png, already defined in atlas minecraft:textures/atlas/blocks.png. This will be rejected in a future version
[15:30:07] [Render thread/WARN] (Minecraft) Duplicate sprite minecraft:entity/shield/square_top_right from atlas minecraft:textures/atlas/shield_patterns.png, already defined in atlas minecraft:textures/atlas/blocks.png. This will be rejected in a future version
[15:30:07] [Render thread/WARN] (Minecraft) Duplicate sprite minecraft:entity/signs/hanging/birch from atlas minecraft:textures/atlas/signs.png, already defined in atlas minecraft:textures/atlas/blocks.png. This will be rejected in a future version
[15:30:07] [Render thread/WARN] (Minecraft) Duplicate sprite minecraft:entity/banner/stripe_top from atlas minecraft:textures/atlas/blocks.png, already defined in atlas minecraft:textures/atlas/banner_patterns.png. This will be rejected in a future version
[15:30:07] [Render thread/WARN] (Minecraft) Duplicate sprite minecraft:entity/decorated_pot/friend_pottery_pattern from atlas minecraft:textures/atlas/decorated_pot.png, already defined in atlas minecraft:textures/atlas/blocks.png. This will be rejected in a future version
[15:30:07] [Render thread/WARN] (Minecraft) Duplicate sprite minecraft:entity/chest/copper_oxidized_left from atlas minecraft:textures/atlas/chest.png, already defined in atlas minecraft:textures/atlas/blocks.png. This will be rejected in a future version
[15:30:07] [Render thread/WARN] (Minecraft) Duplicate sprite minecraft:entity/banner/gradient_up from atlas minecraft:textures/atlas/banner_patterns.png, already defined in atlas minecraft:textures/atlas/blocks.png. This will be rejected in a future version
[15:30:07] [Render thread/WARN] (Minecraft) Duplicate sprite minecraft:entity/shield/piglin from atlas minecraft:textures/atlas/blocks.png, already defined in atlas minecraft:textures/atlas/shield_patterns.png. This will be rejected in a future version
[15:30:07] [Render thread/WARN] (Minecraft) Duplicate sprite minecraft:entity/chest/copper_exposed_right from atlas minecraft:textures/atlas/chest.png, already defined in atlas minecraft:textures/atlas/blocks.png. This will be rejected in a future version
[15:30:07] [Render thread/WARN] (Minecraft) Duplicate sprite minecraft:entity/banner/square_top_right from atlas minecraft:textures/atlas/banner_patterns.png, already defined in atlas minecraft:textures/atlas/blocks.png. This will be rejected in a future version
[15:30:07] [Render thread/WARN] (Minecraft) Duplicate sprite minecraft:entity/shield/diagonal_right from atlas minecraft:textures/atlas/shield_patterns.png, already defined in atlas minecraft:textures/atlas/blocks.png. This will be rejected in a future version
[15:30:07] [Render thread/WARN] (Minecraft) Duplicate sprite minecraft:entity/shield/half_vertical from atlas minecraft:textures/atlas/shield_patterns.png, already defined in atlas minecraft:textures/atlas/blocks.png. This will be rejected in a future version
[15:30:07] [Render thread/WARN] (Minecraft) Duplicate sprite minecraft:entity/shield/gradient_up from atlas minecraft:textures/atlas/blocks.png, already defined in atlas minecraft:textures/atlas/shield_patterns.png. This will be rejected in a future version
[15:30:07] [Render thread/WARN] (Minecraft) Duplicate sprite minecraft:entity/decorated_pot/danger_pottery_pattern from atlas minecraft:textures/atlas/decorated_pot.png, already defined in atlas minecraft:textures/atlas/blocks.png. This will be rejected in a future version
[15:30:07] [Render thread/WARN] (Minecraft) Duplicate sprite minecraft:entity/bed/red from atlas minecraft:textures/atlas/blocks.png, already defined in atlas minecraft:textures/atlas/beds.png. This will be rejected in a future version
[15:30:07] [Render thread/WARN] (Minecraft) Duplicate sprite minecraft:entity/signs/hanging/crimson from atlas minecraft:textures/atlas/signs.png, already defined in atlas minecraft:textures/atlas/blocks.png. This will be rejected in a future version
[15:30:07] [Render thread/WARN] (Minecraft) Duplicate sprite minecraft:entity/shield/triangle_bottom from atlas minecraft:textures/atlas/shield_patterns.png, already defined in atlas minecraft:textures/atlas/blocks.png. This will be rejected in a future version
[15:30:07] [Render thread/WARN] (Minecraft) Duplicate sprite minecraft:entity/signs/warped from atlas minecraft:textures/atlas/signs.png, already defined in atlas minecraft:textures/atlas/blocks.png. This will be rejected in a future version
[15:30:07] [Render thread/WARN] (Minecraft) Duplicate sprite minecraft:entity/shield/flow from atlas minecraft:textures/atlas/shield_patterns.png, already defined in atlas minecraft:textures/atlas/blocks.png. This will be rejected in a future version
[15:30:07] [Render thread/WARN] (Minecraft) Duplicate sprite minecraft:entity/banner/base from atlas minecraft:textures/atlas/blocks.png, already defined in atlas minecraft:textures/atlas/banner_patterns.png. This will be rejected in a future version
[15:30:07] [Render thread/WARN] (Minecraft) Duplicate sprite minecraft:entity/banner/square_top_left from atlas minecraft:textures/atlas/blocks.png, already defined in atlas minecraft:textures/atlas/banner_patterns.png. This will be rejected in a future version
[15:30:07] [Render thread/WARN] (Minecraft) Duplicate sprite minecraft:entity/chest/copper_right from atlas minecraft:textures/atlas/blocks.png, already defined in atlas minecraft:textures/atlas/chest.png. This will be rejected in a future version
[15:30:07] [Render thread/WARN] (Minecraft) Duplicate sprite minecraft:entity/chest/copper_weathered from atlas minecraft:textures/atlas/chest.png, already defined in atlas minecraft:textures/atlas/blocks.png. This will be rejected in a future version
[15:30:07] [Render thread/WARN] (Minecraft) Duplicate sprite minecraft:entity/signs/hanging/bamboo from atlas minecraft:textures/atlas/signs.png, already defined in atlas minecraft:textures/atlas/blocks.png. This will be rejected in a future version
[15:30:07] [Render thread/WARN] (Minecraft) Duplicate sprite minecraft:entity/chest/trapped_right from atlas minecraft:textures/atlas/chest.png, already defined in atlas minecraft:textures/atlas/blocks.png. This will be rejected in a future version
[15:30:07] [Render thread/WARN] (Minecraft) Duplicate sprite minecraft:entity/decorated_pot/shelter_pottery_pattern from atlas minecraft:textures/atlas/blocks.png, already defined in atlas minecraft:textures/atlas/decorated_pot.png. This will be rejected in a future version
[15:30:07] [Render thread/WARN] (Minecraft) Duplicate sprite minecraft:entity/shield/border from atlas minecraft:textures/atlas/blocks.png, already defined in atlas minecraft:textures/atlas/shield_patterns.png. This will be rejected in a future version
[15:30:10] [Render thread/INFO] (Minecraft) Resizing Dynamic Transforms UBO, capacity limit of 8 reached during a single frame. New capacity will be 16.
[15:30:11] [Render thread/INFO] (Minecraft) Resizing Chunk Sections UBO, capacity limit of 2 reached during a single frame. New capacity will be 4.
[15:30:12] [Render thread/INFO] (Minecraft) Resizing Chunk Sections UBO, capacity limit of 4 reached during a single frame. New capacity will be 8.
[15:30:12] [Render thread/INFO] (Minecraft) Resizing Chunk Sections UBO, capacity limit of 8 reached during a single frame. New capacity will be 16.
[15:30:13] [Render thread/WARN] (Minecraft) Ignoring player info update for unknown player 69ebcb31-6195-3a22-abfc-5ce0b1ffcf7b ([UPDATE_DISPLAY_NAME])
[15:30:13] [Render thread/WARN] (Minecraft) Missing resource moonshine:textures/entity/player/wide/steve.png referenced from moonshine:textures/entity/player/wide/steve.png
[15:30:13] [Render thread/WARN] (Minecraft) Ignoring player info update for unknown player 54f31970-0e3a-3af4-a7fd-822b37c8a253 ([UPDATE_DISPLAY_NAME])
[15:30:13] [Render thread/WARN] (Minecraft) Ignoring player info update for unknown player 8253e2d8-32ba-3906-af9f-6729b54d5ece ([UPDATE_DISPLAY_NAME])
[15:30:13] [Render thread/WARN] (Minecraft) Ignoring player info update for unknown player 29d44f8c-6325-3a50-ad5e-beef10ab6f33 ([UPDATE_DISPLAY_NAME])
[15:30:13] [Render thread/WARN] (Minecraft) Ignoring player info update for unknown player 3ea01ac8-eab5-37dc-b082-05627e068ee0 ([UPDATE_DISPLAY_NAME])
[15:30:13] [Render thread/WARN] (Minecraft) Ignoring player info update for unknown player 0d776144-0506-3f87-84d0-c7f24602049b ([UPDATE_DISPLAY_NAME])
[15:30:13] [Render thread/WARN] (Minecraft) Ignoring player info update for unknown player 6c92a125-0807-3722-b466-0907beca4d32 ([UPDATE_DISPLAY_NAME])
[15:30:13] [Render thread/WARN] (Minecraft) Ignoring player info update for unknown player 196aedfb-b124-348b-a47b-a99c48bd3a6f ([UPDATE_DISPLAY_NAME])
[15:30:13] [Render thread/WARN] (Minecraft) Ignoring player info update for unknown player c4e9f15f-e57d-3970-b952-584f1cd2717b ([UPDATE_DISPLAY_NAME])
[15:30:13] [Render thread/WARN] (Minecraft) Ignoring player info update for unknown player baeac550-f924-35e8-a485-e1f3804bb55a ([UPDATE_DISPLAY_NAME])
[15:30:13] [Render thread/WARN] (Minecraft) Ignoring player info update for unknown player bc58dd1e-f483-30fb-bccd-ba7e36f7ea68 ([UPDATE_DISPLAY_NAME])
[15:30:13] [Render thread/WARN] (Minecraft) Ignoring player info update for unknown player 9e1f3abe-7d18-3009-8d11-5252128cd26c ([UPDATE_DISPLAY_NAME])
[15:30:13] [Render thread/WARN] (Minecraft) Ignoring player info update for unknown player 2fb246fe-b792-3d5b-a73b-abe6d8a021eb ([UPDATE_DISPLAY_NAME])
[15:30:13] [Render thread/WARN] (Minecraft) Ignoring player info update for unknown player a1607d73-1981-361d-9a9b-2a385d983ea3 ([UPDATE_DISPLAY_NAME])
[15:30:13] [Render thread/WARN] (Minecraft) Ignoring player info update for unknown player b4945a3b-f0f0-33d5-8727-4c64fb85f254 ([UPDATE_DISPLAY_NAME])
[15:30:13] [Render thread/WARN] (Minecraft) Ignoring player info update for unknown player cc57ee5d-182a-349f-8800-d68b7a5bc875 ([UPDATE_DISPLAY_NAME])
[15:30:13] [Render thread/WARN] (Minecraft) Ignoring player info update for unknown player 6970bedb-347a-335d-8e15-b6509ea61975 ([UPDATE_DISPLAY_NAME])
[15:30:13] [Render thread/WARN] (Minecraft) Ignoring player info update for unknown player 9ba3b10a-9abd-3a59-8cea-96725aec8022 ([UPDATE_DISPLAY_NAME])
[15:30:13] [Render thread/WARN] (Minecraft) Ignoring player info update for unknown player d816d6e7-c0a7-35bc-8e94-491149b103c2 ([UPDATE_DISPLAY_NAME])
[15:30:13] [Render thread/WARN] (Minecraft) Ignoring player info update for unknown player c9ad1d11-a68a-354d-9149-5bdcb559f8a9 ([UPDATE_DISPLAY_NAME])
[15:30:13] [Render thread/WARN] (Minecraft) Ignoring player info update for unknown player 026277cc-2959-3396-bda1-91a7aefd5e85 ([UPDATE_DISPLAY_NAME])
[15:30:13] [Render thread/WARN] (Minecraft) Ignoring player info update for unknown player d1477267-77e5-3544-9ef9-886b0e84beb6 ([UPDATE_DISPLAY_NAME])
[15:30:13] [Render thread/WARN] (Minecraft) Ignoring player info update for unknown player 07eeffb1-72e3-3483-bc46-cf8f92a0db74 ([UPDATE_DISPLAY_NAME])
[15:30:13] [Render thread/WARN] (Minecraft) Ignoring player info update for unknown player 55f291d8-7a62-3583-9f70-85b6d9f69bd9 ([UPDATE_DISPLAY_NAME])
[15:30:13] [Render thread/WARN] (Minecraft) Ignoring player info update for unknown player 953c19a4-b31e-33f8-a468-f5cdee0d50f3 ([UPDATE_DISPLAY_NAME])
[15:30:13] [Render thread/WARN] (Minecraft) Ignoring player info update for unknown player 4ad026f1-78d3-3a4e-85b9-f75c1bf06c8c ([UPDATE_DISPLAY_NAME])
[15:30:13] [Render thread/WARN] (Minecraft) Ignoring player info update for unknown player a7d9ff94-8510-3fa9-92eb-e8090ac8b3f8 ([UPDATE_DISPLAY_NAME])
[15:30:13] [Render thread/WARN] (Minecraft) Ignoring player info update for unknown player 15d0fa3e-8ce1-3456-9246-91742d40e001 ([UPDATE_DISPLAY_NAME])
[15:30:13] [Render thread/WARN] (Minecraft) Ignoring player info update for unknown player 07302b3e-395b-3866-b07e-f5db78a76a1a ([UPDATE_DISPLAY_NAME])
[15:30:13] [Render thread/WARN] (Minecraft) Ignoring player info update for unknown player 00ef6d2f-5d4d-3de3-90b3-ebed6387ed9c ([UPDATE_DISPLAY_NAME])
[15:30:13] [Render thread/WARN] (Minecraft) Ignoring player info update for unknown player 10628dfe-1b47-3225-a388-4a1968b01ff3 ([UPDATE_DISPLAY_NAME])
[15:30:13] [Render thread/WARN] (Minecraft) Ignoring player info update for unknown player e5b33c9e-181b-3b8d-b068-4d6b731ea588 ([UPDATE_DISPLAY_NAME])
[15:30:13] [Render thread/WARN] (Minecraft) Ignoring player info update for unknown player a9a93e36-525b-39c3-acd5-ed258faebd77 ([UPDATE_DISPLAY_NAME])
[15:30:13] [Render thread/WARN] (Minecraft) Ignoring player info update for unknown player 02fc8746-b373-3974-9eb7-ea17d5e30fce ([UPDATE_DISPLAY_NAME])
[15:30:13] [Render thread/WARN] (Minecraft) Ignoring player info update for unknown player bab9d27a-7a35-3ad8-aa28-32eca85ce282 ([UPDATE_DISPLAY_NAME])
[15:30:13] [Render thread/WARN] (Minecraft) Ignoring player info update for unknown player 0ff5d5f2-d949-3370-9ca4-57f47c1f7949 ([UPDATE_DISPLAY_NAME])
[15:30:13] [Render thread/WARN] (Minecraft) Ignoring player info update for unknown player 8256cacd-3401-30bf-93c5-1b5098833b0f ([UPDATE_DISPLAY_NAME])
[15:30:13] [Render thread/WARN] (Minecraft) Ignoring player info update for unknown player 863e3340-74b4-31ca-bb72-5406bcb988f0 ([UPDATE_DISPLAY_NAME])
[15:30:13] [Render thread/WARN] (Minecraft) Ignoring player info update for unknown player 2ec892a7-5abc-347b-aa29-6778bc754eb2 ([UPDATE_DISPLAY_NAME])
[15:30:13] [Render thread/WARN] (Minecraft) Ignoring player info update for unknown player 9ff8a07a-df39-3f78-86da-a386fd053aa4 ([UPDATE_DISPLAY_NAME])
[15:30:13] [Render thread/WARN] (Minecraft) Ignoring player info update for unknown player 54979b0d-2480-3942-80af-83913f06b75f ([UPDATE_DISPLAY_NAME])
[15:30:13] [Render thread/WARN] (Minecraft) Ignoring player info update for unknown player 767454f9-b857-3f85-b3bc-20f7b24cc218 ([UPDATE_DISPLAY_NAME])
[15:30:13] [Render thread/WARN] (Minecraft) Ignoring player info update for unknown player 0648306c-c237-31ec-9bdc-74df56a14f1d ([UPDATE_DISPLAY_NAME])
[15:30:13] [Render thread/WARN] (Minecraft) Ignoring player info update for unknown player 11feffc0-e9f9-301e-87c3-83030f195841 ([UPDATE_DISPLAY_NAME])
[15:30:13] [Render thread/WARN] (Minecraft) Ignoring player info update for unknown player cf5c64d6-05f7-3254-a3a2-820240ed3227 ([UPDATE_DISPLAY_NAME])
[15:30:13] [Render thread/WARN] (Minecraft) Ignoring player info update for unknown player db730a70-d1a5-3d6b-ac32-043fbdedf668 ([UPDATE_DISPLAY_NAME])
[15:30:13] [Render thread/WARN] (Minecraft) Ignoring player info update for unknown player 288678bc-297e-3156-87bd-f4d697e7d7d9 ([UPDATE_DISPLAY_NAME])
[15:30:13] [Render thread/WARN] (Minecraft) Ignoring player info update for unknown player a421d064-9b5c-3db7-a599-14142d72ff19 ([UPDATE_DISPLAY_NAME])
[15:30:13] [Render thread/WARN] (Minecraft) Ignoring player info update for unknown player 2a647db0-866c-386b-bfd7-6b7673d957e7 ([UPDATE_DISPLAY_NAME])
[15:30:13] [Render thread/WARN] (Minecraft) Ignoring player info update for unknown player 157b5456-dfaf-317c-a5ac-6324fb06bb3c ([UPDATE_DISPLAY_NAME])
[15:30:13] [Render thread/WARN] (Minecraft) Ignoring player info update for unknown player 87b91c59-92ab-3c6d-b92b-9c02ecdec49c ([UPDATE_DISPLAY_NAME])
[15:30:13] [Render thread/WARN] (Minecraft) Ignoring player info update for unknown player 24e7484b-8bc6-3642-a043-65f01428cafd ([UPDATE_DISPLAY_NAME])
[15:30:13] [Render thread/WARN] (Minecraft) Ignoring player info update for unknown player 321a8f22-3d9b-3db5-829a-8e5296ccce5d ([UPDATE_DISPLAY_NAME])
[15:30:13] [Render thread/WARN] (Minecraft) Ignoring player info update for unknown player 654d8a21-9a56-3bf4-88ab-f1aa89ef8c70 ([UPDATE_DISPLAY_NAME])
[15:30:13] [Render thread/WARN] (Minecraft) Ignoring player info update for unknown player 4fd27081-57f8-3f6a-be25-9b47ab981f6a ([UPDATE_DISPLAY_NAME])
[15:30:13] [Render thread/WARN] (Minecraft) Ignoring player info update for unknown player a34194c2-7aa1-33bd-aba3-159f310b6ffc ([UPDATE_DISPLAY_NAME])
[15:30:13] [Render thread/WARN] (Minecraft) Ignoring player info update for unknown player 79247a69-1ff9-351f-ba1f-1ad1a710b921 ([UPDATE_DISPLAY_NAME])
[15:30:13] [Render thread/WARN] (Minecraft) Ignoring player info update for unknown player 396f39ac-6780-39e2-8916-febe1472412c ([UPDATE_DISPLAY_NAME])
[15:30:13] [Render thread/WARN] (Minecraft) Ignoring player info update for unknown player 2c20ffb1-38a5-3ed4-8982-e1e85326b1f4 ([UPDATE_DISPLAY_NAME])
[15:30:13] [Render thread/WARN] (Minecraft) Ignoring player info update for unknown player b85f9936-c1f7-3742-b59d-ffc712f50f2b ([UPDATE_DISPLAY_NAME])
[15:30:13] [Render thread/WARN] (Minecraft) Ignoring player info update for unknown player f3acff9d-1eec-34a1-a70d-645915b9abc9 ([UPDATE_DISPLAY_NAME])
[15:30:13] [Render thread/WARN] (Minecraft) Ignoring player info update for unknown player d16f218a-c460-3ddc-90b5-bab3aa4a104c ([UPDATE_DISPLAY_NAME])
[15:30:13] [Render thread/WARN] (Minecraft) Ignoring player info update for unknown player ef55a21c-bb75-3335-b9da-e91b20a7f633 ([UPDATE_DISPLAY_NAME])
[15:30:13] [Render thread/WARN] (Minecraft) Ignoring player info update for unknown player 6203e395-6700-343e-b568-c21b6319319e ([UPDATE_DISPLAY_NAME])
[15:30:13] [Render thread/WARN] (Minecraft) Ignoring player info update for unknown player 87f23e9a-56ef-3e17-a662-9220efb8ac36 ([UPDATE_DISPLAY_NAME])
[15:30:13] [Render thread/WARN] (Minecraft) Ignoring player info update for unknown player f6acf601-8343-3099-9040-e9f2ab52dcc9 ([UPDATE_DISPLAY_NAME])
[15:30:13] [Render thread/WARN] (Minecraft) Ignoring player info update for unknown player a262c1ac-db99-3f12-83ee-3ac3987c9f4a ([UPDATE_DISPLAY_NAME])
[15:30:13] [Render thread/WARN] (Minecraft) Ignoring player info update for unknown player 53d50cbd-42e8-3f20-a378-4e48dd2aade5 ([UPDATE_DISPLAY_NAME])
[15:30:13] [Render thread/WARN] (Minecraft) Ignoring player info update for unknown player 158b2532-b4f0-3fb0-9179-d85e0952dfed ([UPDATE_DISPLAY_NAME])
[15:30:13] [Render thread/WARN] (Minecraft) Ignoring player info update for unknown player f5e95806-dbfe-3dc7-886c-fa050f63bbbe ([UPDATE_DISPLAY_NAME])
[15:30:13] [Render thread/WARN] (Minecraft) Ignoring player info update for unknown player d3f23697-5b66-3186-8b94-b139f818e052 ([UPDATE_DISPLAY_NAME])
[15:30:13] [Render thread/WARN] (Minecraft) Ignoring player info update for unknown player 2d4b5ce4-99f5-30d0-891e-1fc5c539c40a ([UPDATE_DISPLAY_NAME])
[15:30:13] [Render thread/WARN] (Minecraft) Ignoring player info update for unknown player ababa5ee-2e75-394a-8f7f-8a355c427916 ([UPDATE_DISPLAY_NAME])
[15:30:13] [Render thread/WARN] (Minecraft) Ignoring player info update for unknown player 77f5eba9-6cdd-33d6-8da2-f52e24c68f7b ([UPDATE_DISPLAY_NAME])
[15:30:13] [Render thread/WARN] (Minecraft) Ignoring player info update for unknown player 7b2f84ba-ba59-3676-bc91-872082754018 ([UPDATE_DISPLAY_NAME])
[15:30:13] [Render thread/WARN] (Minecraft) Ignoring player info update for unknown player 6129d49f-2f6e-3491-9598-2f18de7961d7 ([UPDATE_DISPLAY_NAME])
[15:30:13] [Render thread/WARN] (Minecraft) Ignoring player info update for unknown player fd3a078b-24bb-3a01-a316-b614087e451e ([UPDATE_DISPLAY_NAME])
[15:30:13] [Render thread/WARN] (Minecraft) Ignoring player info update for unknown player f93f3fdb-5b7d-3c96-8a48-0421f0fa9ff5 ([UPDATE_DISPLAY_NAME])
[15:30:13] [Render thread/WARN] (Minecraft) Ignoring player info update for unknown player 05566343-5489-32c9-95a1-76ce7d9378c2 ([UPDATE_DISPLAY_NAME])
[15:30:13] [Render thread/WARN] (Minecraft) Ignoring player info update for unknown player bd160e63-9adf-3696-b748-974af42ae679 ([UPDATE_DISPLAY_NAME])
[15:30:13] [Render thread/WARN] (Minecraft) Ignoring player info update for unknown player fa19fcb3-4bf7-311b-8fc0-36753a6624f8 ([UPDATE_DISPLAY_NAME])
[15:30:13] [Render thread/WARN] (Minecraft) Ignoring player info update for unknown player 20e14a5d-f84d-33be-ab89-e48dafd841fd ([UPDATE_DISPLAY_NAME])
[15:30:13] [Render thread/WARN] (Minecraft) Ignoring player info update for unknown player 388d9ea5-e229-31db-adbf-27b8711e95ac ([UPDATE_DISPLAY_NAME])
[15:30:13] [Render thread/WARN] (Minecraft) Ignoring player info update for unknown player 7d57c3ab-7564-3005-ab7d-20be1401cb2e ([UPDATE_DISPLAY_NAME])
[15:30:13] [Render thread/WARN] (Minecraft) Ignoring player info update for unknown player 7cff3298-20bf-324f-8587-4b5537d0fee4 ([UPDATE_DISPLAY_NAME])
[15:30:13] [Render thread/WARN] (Minecraft) Ignoring player info update for unknown player 45bf9d5b-7133-3697-bb5a-148b7cc95129 ([UPDATE_DISPLAY_NAME])
[15:30:13] [Render thread/WARN] (Minecraft) Ignoring player info update for unknown player fa788777-32ac-3146-adf6-ee305ddfe48e ([UPDATE_DISPLAY_NAME])
[15:30:13] [Render thread/WARN] (Minecraft) Ignoring player info update for unknown player 3913bcae-0033-33cc-9180-feddddfcea90 ([UPDATE_DISPLAY_NAME])
[15:30:13] [Render thread/WARN] (Minecraft) Ignoring player info update for unknown player 4cc131e4-ea96-3b45-aced-f6b58f33f6ee ([UPDATE_DISPLAY_NAME])
[15:30:13] [Render thread/WARN] (Minecraft) Ignoring player info update for unknown player 2ab53024-22ab-36de-a967-ccc3ae0f0536 ([UPDATE_DISPLAY_NAME])
[15:30:13] [Render thread/WARN] (Minecraft) Ignoring player info update for unknown player 2fbe6ddf-a514-399a-a1bd-1b1393ebc4d3 ([UPDATE_DISPLAY_NAME])
[15:30:13] [Render thread/WARN] (Minecraft) Ignoring player info update for unknown player 310f30bf-f40e-3b33-9944-61c64717c662 ([UPDATE_DISPLAY_NAME])
[15:30:13] [Render thread/WARN] (Minecraft) Ignoring player info update for unknown player 3ddfaeaa-0ca3-302b-a647-efc543c8c9cc ([UPDATE_DISPLAY_NAME])
[15:30:13] [Render thread/WARN] (Minecraft) Ignoring player info update for unknown player 69eaa25a-c728-34be-abd0-b99a48b66aa1 ([UPDATE_DISPLAY_NAME])
[15:30:13] [Render thread/WARN] (Minecraft) Ignoring player info update for unknown player 5ab1bd8b-765b-3e78-83a1-304605062d86 ([UPDATE_DISPLAY_NAME])
[15:30:13] [Render thread/WARN] (Minecraft) Ignoring player info update for unknown player d2e14e89-b86b-3134-ab40-d914f65af046 ([UPDATE_DISPLAY_NAME])
[15:30:13] [Render thread/WARN] (Minecraft) Ignoring player info update for unknown player 1d3a62d8-7ad1-39c6-87ef-7e85c6fe881e ([UPDATE_DISPLAY_NAME])
[15:30:13] [Render thread/WARN] (Minecraft) Ignoring player info update for unknown player a87db208-a2e6-315d-bdc9-5ebbf7d422e8 ([UPDATE_DISPLAY_NAME])
[15:30:13] [Render thread/WARN] (Minecraft) Ignoring player info update for unknown player a71f79d3-8b80-39d6-8245-a1dfdab58636 ([UPDATE_DISPLAY_NAME])
[15:30:13] [Render thread/WARN] (Minecraft) Ignoring player info update for unknown player da519b74-c511-3b1e-9ba0-21490b4b950b ([UPDATE_DISPLAY_NAME])
[15:30:13] [Render thread/WARN] (Minecraft) Ignoring player info update for unknown player 3a4ab106-4348-35d4-8d6e-80ccedf54301 ([UPDATE_DISPLAY_NAME])
[15:30:13] [Render thread/WARN] (Minecraft) Ignoring player info update for unknown player 4b1121fe-5d50-30d4-9d93-d2807d0f7bfe ([UPDATE_DISPLAY_NAME])
[15:30:13] [Render thread/WARN] (Minecraft) Ignoring player info update for unknown player f6c48c23-b795-3132-ad1d-5a23b9810873 ([UPDATE_DISPLAY_NAME])
[15:30:13] [Render thread/WARN] (Minecraft) Ignoring player info update for unknown player 2b5902b7-c4bd-3f08-adfa-9ff9f33199e4 ([UPDATE_DISPLAY_NAME])
[15:30:13] [Render thread/WARN] (Minecraft) Ignoring player info update for unknown player 54359650-4405-30c6-85db-db48cba69a1d ([UPDATE_DISPLAY_NAME])
[15:30:13] [Render thread/WARN] (Minecraft) Ignoring player info update for unknown player 867ecd7d-ae76-3a65-9ef5-d6fd29e23d75 ([UPDATE_DISPLAY_NAME])
[15:30:13] [Render thread/WARN] (Minecraft) Ignoring player info update for unknown player 0ea60516-979a-3600-a322-81d7ff9b21cb ([UPDATE_DISPLAY_NAME])
[15:30:13] [Render thread/WARN] (Minecraft) Ignoring player info update for unknown player 445092e7-2ecd-3782-a1a6-b19cfb11e740 ([UPDATE_DISPLAY_NAME])
[15:30:13] [Render thread/WARN] (Minecraft) Ignoring player info update for unknown player 0addfb29-4987-3c80-9dc6-abd406474c35 ([UPDATE_DISPLAY_NAME])
[15:30:13] [Render thread/WARN] (Minecraft) Ignoring player info update for unknown player ac16500e-06a1-38a6-a3c8-c6a81b52cbb9 ([UPDATE_DISPLAY_NAME])
[15:30:13] [Render thread/WARN] (Minecraft) Ignoring player info update for unknown player 2912611a-4357-3092-8923-092b5ff29ca3 ([UPDATE_DISPLAY_NAME])
[15:30:13] [Render thread/WARN] (Minecraft) Ignoring player info update for unknown player 3f9ea9e2-e4cf-3905-b5a1-3c9ab6b51fad ([UPDATE_DISPLAY_NAME])
[15:30:13] [Render thread/WARN] (Minecraft) Ignoring player info update for unknown player f3e0fdc9-5470-3832-98e6-49d6ea526c91 ([UPDATE_DISPLAY_NAME])
[15:30:13] [Render thread/WARN] (Minecraft) Ignoring player info update for unknown player d5a42319-a753-312c-8aaa-19dc33b22d9f ([UPDATE_DISPLAY_NAME])
[15:30:13] [Render thread/WARN] (Minecraft) Ignoring player info update for unknown player fadfc9c2-2e56-3354-9feb-cc2a82e8c3ac ([UPDATE_DISPLAY_NAME])
[15:30:13] [Render thread/WARN] (Minecraft) Ignoring player info update for unknown player 5d12d279-28a5-367f-8de3-65f238e463da ([UPDATE_DISPLAY_NAME])
[15:30:13] [Render thread/WARN] (Minecraft) Ignoring player info update for unknown player d30b5464-849c-32c2-9e68-8bf3a555e961 ([UPDATE_DISPLAY_NAME])
[15:30:13] [Render thread/WARN] (Minecraft) Ignoring player info update for unknown player 79cd6ae4-f24f-328d-9275-1d7ef495d1d5 ([UPDATE_DISPLAY_NAME])
[15:30:13] [Render thread/WARN] (Minecraft) Ignoring player info update for unknown player 1216f753-c3f1-349e-bd55-137554a0a10a ([UPDATE_DISPLAY_NAME])
[15:30:13] [Render thread/WARN] (Minecraft) Ignoring player info update for unknown player 466cfe90-cb78-3df0-a745-e2bd6ff9f5d4 ([UPDATE_DISPLAY_NAME])
[15:30:13] [Render thread/WARN] (Minecraft) Ignoring player info update for unknown player 7631b75a-d910-394b-b267-6257dd831924 ([UPDATE_DISPLAY_NAME])
[15:30:13] [Render thread/WARN] (Minecraft) Ignoring player info update for unknown player b1e00c25-d381-37e9-8d36-1e4f0047ea34 ([UPDATE_DISPLAY_NAME])
[15:30:13] [Render thread/WARN] (Minecraft) Ignoring player info update for unknown player ec609cab-ae88-3927-9353-1d7b01ebbe00 ([UPDATE_DISPLAY_NAME])
[15:30:13] [Render thread/WARN] (Minecraft) Ignoring player info update for unknown player a193a987-d4a0-304c-8e43-3a03ed2d633c ([UPDATE_DISPLAY_NAME])
[15:30:13] [Render thread/WARN] (Minecraft) Ignoring player info update for unknown player a2963923-78b3-3c8b-a185-99a3b5eaa0ed ([UPDATE_DISPLAY_NAME])
[15:30:13] [Render thread/WARN] (Minecraft) Ignoring player info update for unknown player 259ae79c-3324-3d62-b749-c2ca79ca83a4 ([UPDATE_DISPLAY_NAME])
[15:30:13] [Render thread/WARN] (Minecraft) Ignoring player info update for unknown player f2858d22-80f4-3165-9a4d-328428d47c86 ([UPDATE_DISPLAY_NAME])
[15:30:13] [Render thread/WARN] (Minecraft) Ignoring player info update for unknown player 0b542cec-38be-3a0e-bd96-72d1ce3ec5c1 ([UPDATE_DISPLAY_NAME])
[15:30:13] [Render thread/WARN] (Minecraft) Ignoring player info update for unknown player c420b15b-8b0a-3b08-bfd6-6ccfd19d984c ([UPDATE_DISPLAY_NAME])
[15:30:13] [Render thread/WARN] (Minecraft) Ignoring player info update for unknown player f72c4b29-a3a6-39e1-b134-b247efa2f826 ([UPDATE_DISPLAY_NAME])
[15:30:13] [Render thread/WARN] (Minecraft) Ignoring player info update for unknown player 11d2d697-3100-3775-b5f6-fdd7cb645ecd ([UPDATE_DISPLAY_NAME])
[15:30:13] [Render thread/WARN] (Minecraft) Ignoring player info update for unknown player 52464e6b-ae0d-380a-9b66-2dafd2b523ef ([UPDATE_DISPLAY_NAME])
[15:30:13] [Render thread/WARN] (Minecraft) Ignoring player info update for unknown player cdcedb10-e980-3d71-878a-9c2861ffb6cd ([UPDATE_DISPLAY_NAME])
[15:30:13] [Render thread/WARN] (Minecraft) Ignoring player info update for unknown player 64c9e765-53d8-3038-9793-461219e15fef ([UPDATE_DISPLAY_NAME])
[15:30:13] [Render thread/WARN] (Minecraft) Ignoring player info update for unknown player f9dd3d7e-f4b8-36e5-906a-0422d1404235 ([UPDATE_DISPLAY_NAME])
[15:30:13] [Render thread/WARN] (Minecraft) Ignoring player info update for unknown player 4ebc84f1-a76e-3eb5-9f9e-7914d730e8ea ([UPDATE_DISPLAY_NAME])
[15:30:13] [Render thread/WARN] (Minecraft) Ignoring player info update for unknown player 55d230df-1c9e-3290-baf4-0a8cdfda3367 ([UPDATE_DISPLAY_NAME])
[15:30:13] [Render thread/WARN] (Minecraft) Ignoring player info update for unknown player 406686d1-ab73-33d7-af15-01368a04c5f3 ([UPDATE_DISPLAY_NAME])
[15:30:13] [Render thread/WARN] (Minecraft) Ignoring player info update for unknown player 00336370-f311-3116-a4c5-46e85bbbde18 ([UPDATE_DISPLAY_NAME])
[15:30:13] [Render thread/WARN] (Minecraft) Ignoring player info update for unknown player c773aff5-4762-3ae5-bd11-741b76dc4718 ([UPDATE_DISPLAY_NAME])
[15:30:13] [Render thread/WARN] (Minecraft) Ignoring player info update for unknown player d4a86079-806e-3332-9ae2-ba756933e6fc ([UPDATE_DISPLAY_NAME])
[15:30:13] [Render thread/WARN] (Minecraft) Ignoring player info update for unknown player 4d470404-82b9-329f-be98-68736d53810b ([UPDATE_DISPLAY_NAME])
[15:30:13] [Render thread/WARN] (Minecraft) Ignoring player info update for unknown player 9d352410-5786-30cb-afdc-8b53e9da0eea ([UPDATE_DISPLAY_NAME])
[15:30:13] [Render thread/WARN] (Minecraft) Ignoring player info update for unknown player fb1880ab-f436-331f-a375-e4d26a404da7 ([UPDATE_DISPLAY_NAME])
[15:30:13] [Render thread/WARN] (Minecraft) Ignoring player info update for unknown player ca3bc2b0-144b-31e6-8a64-01d07723fa6a ([UPDATE_DISPLAY_NAME])
[15:30:13] [Render thread/WARN] (Minecraft) Ignoring player info update for unknown player 9b46b83f-df19-3b9b-b1c8-61144fa97253 ([UPDATE_DISPLAY_NAME])
[15:30:13] [Render thread/WARN] (Minecraft) Ignoring player info update for unknown player 61c35a51-2895-343f-beac-fa9515e88937 ([UPDATE_DISPLAY_NAME])
[15:30:13] [Render thread/WARN] (Minecraft) Ignoring player info update for unknown player 1786e33c-f13d-371e-8b66-c93191378218 ([UPDATE_DISPLAY_NAME])
[15:30:13] [Render thread/WARN] (Minecraft) Ignoring player info update for unknown player 33e7ef30-33ce-36a7-bb0a-4a2b60b0efcc ([UPDATE_DISPLAY_NAME])
[15:30:13] [Render thread/WARN] (Minecraft) Ignoring player info update for unknown player 98b70c2f-979a-37fd-98b6-52b275b406a8 ([UPDATE_DISPLAY_NAME])
[15:30:13] [Render thread/WARN] (Minecraft) Ignoring player info update for unknown player 4875df37-5516-3617-b11e-ef2e0fa0c43b ([UPDATE_DISPLAY_NAME])
[15:30:13] [Render thread/WARN] (Minecraft) Ignoring player info update for unknown player 20fe0d19-3342-37c7-9ed2-0cfbcde0ad47 ([UPDATE_DISPLAY_NAME])
[15:30:13] [Render thread/WARN] (Minecraft) Ignoring player info update for unknown player af8d5d87-64af-3d3b-93cc-ff7485607ab6 ([UPDATE_DISPLAY_NAME])
[15:30:13] [Render thread/WARN] (Minecraft) Ignoring player info update for unknown player e36047d9-757d-30a8-8b4d-3974e241fae5 ([UPDATE_DISPLAY_NAME])
[15:30:13] [Render thread/WARN] (Minecraft) Ignoring player info update for unknown player 02a59cca-3b75-3092-8cfa-3e515f6ca5bc ([UPDATE_DISPLAY_NAME])
[15:30:13] [Render thread/WARN] (Minecraft) Ignoring player info update for unknown player 60191ae7-ff1b-3c2c-8a58-b252633e020e ([UPDATE_DISPLAY_NAME])
[15:30:13] [Render thread/WARN] (Minecraft) Ignoring player info update for unknown player 1c872a29-9089-3290-8506-a457409c1f8d ([UPDATE_DISPLAY_NAME])
[15:30:13] [Render thread/WARN] (Minecraft) Ignoring player info update for unknown player d100317e-b6fa-38fb-bf02-686239292ace ([UPDATE_DISPLAY_NAME])
[15:30:13] [Render thread/WARN] (Minecraft) Ignoring player info update for unknown player 3dda7e7a-a7c3-3b39-991f-5404d778a7c6 ([UPDATE_DISPLAY_NAME])
[15:30:13] [Render thread/WARN] (Minecraft) Ignoring player info update for unknown player dd934606-fe36-385e-9010-7d7b8a6ffd06 ([UPDATE_DISPLAY_NAME])
[15:30:13] [Render thread/INFO] (Minecraft) Loaded 40 advancements
[15:30:13] [Render thread/WARN] (Minecraft) Unable to play empty soundEvent: minecraft:entity.snow_golem.ambient
[15:30:14] [Download-4/INFO] (Minecraft) Returning cached file since actual hash matches requested
[15:30:14] [Render thread/INFO] (Minecraft) Reloading ResourceManager: vanilla, com_viaversion_viaaprilfools-common, com_viaversion_viabackwards-common, com_viaversion_viaversion-common, fabric-api, fabric-api-base, fabric-api-lookup-api-v1, fabric-biome-api-v1, fabric-block-api-v1, fabric-block-view-api-v2, fabric-client-gametest-api-v1, fabric-command-api-v2, fabric-content-registries-v0, fabric-convention-tags-v1, fabric-convention-tags-v2, fabric-crash-report-info-v1, fabric-data-attachment-api-v1, fabric-data-generation-api-v1, fabric-dimensions-v1, fabric-entity-events-v1, fabric-events-interaction-v0, fabric-game-rule-api-v1, fabric-gametest-api-v1, fabric-item-api-v1, fabric-item-group-api-v1, fabric-key-binding-api-v1, fabric-lifecycle-events-v1, fabric-loot-api-v2, fabric-loot-api-v3, fabric-message-api-v1, fabric-model-loading-api-v1, fabric-networking-api-v1, fabric-object-builder-api-v1, fabric-particles-v1, fabric-recipe-api-v1, fabric-registry-sync-v0, fabric-renderer-api-v1, fabric-renderer-indigo, fabric-rendering-fluids-v1, fabric-rendering-v1, fabric-resource-conditions-api-v1, fabric-resource-loader-v0, fabric-resource-loader-v1, fabric-screen-api-v1, fabric-screen-handler-api-v1, fabric-serialization-api-v1, fabric-sound-api-v1, fabric-tag-api-v1, fabric-transfer-api-v1, fabric-transitive-access-wideners-v1, fabricloader, moonshine, net_raphimc_viabedrock, net_raphimc_vialegacy, viafabricplus, viafabricplus-visuals, server/00000001/e7e517c0-1e90-3721-9c8a-fd09cb192acf
[15:30:14] [Worker-Main-8/WARN] (Minecraft) Missing resource moonshine:textures/entity/player/wide/steve.png referenced from moonshine:textures/entity/player/wide/steve.png
[15:30:14] [Worker-Main-7/INFO] (Minecraft) Found unifont_all_no_pua-17.0.01.hex, loading
[15:30:14] [Worker-Main-11/INFO] (Minecraft) Found unifont_pua-17.0.01.hex, loading
[15:30:14] [Worker-Main-8/WARN] (Minecraft) Invalid path in datapack: modelengine:models/spiderman/right arm.json, ignoring
[15:30:14] [Worker-Main-8/WARN] (Minecraft) Invalid path in datapack: modelengine:models/ironman/left _arm.json, ignoring
[15:30:14] [Worker-Main-8/WARN] (Minecraft) Invalid path in datapack: modelengine:models/spiderman/left arm.json, ignoring
[15:30:14] [Worker-Main-10/INFO] (Minecraft) Found unifont_jp_patch-17.0.01.hex, loading
[15:30:14] [Worker-Main-3/WARN] (Minecraft) Texture modelengine:entity/monaska_3faza/soro with size 33x33 limits mip level from 4 to 0
[15:30:14] [Worker-Main-3/WARN] (Minecraft) minecraft:textures/atlas/blocks.png: dropping miplevel from 4 to 0, because of minimum power of two: 1
[15:30:14] [Worker-Main-10/WARN] (Minecraft) Missing block model: minecraft:builtin/entity
[15:30:15] [Worker-Main-4/WARN] (Minecraft) Missing textures in model reallyworld:item/god/archangel_spear:
    minecraft:block_or_item:minecraft:archangel_set_texture/archangel_spear
[15:30:15] [Worker-Main-4/WARN] (Minecraft) Missing textures in model reallyworld:item/god/archangel_wings:
    minecraft:block_or_item:minecraft:archangel_set_texture/archangel_wings
[15:30:15] [Worker-Main-4/WARN] (Minecraft) Missing textures in model reallyworld:item/god/archangel_sword:
    minecraft:block_or_item:minecraft:archangel_set_texture/archangel_sword
[15:30:15] [Worker-Main-4/WARN] (Minecraft) Missing texture references in model reallyworld:item/sphere/air:
    particle
[15:30:15] [Worker-Main-4/WARN] (Minecraft) Missing texture references in model reallyworld:item/sphere/dirt:
    particle
[15:30:15] [Worker-Main-4/WARN] (Minecraft) Missing texture references in model reallyworld:item/sphere/order:
    particle
[15:30:15] [Worker-Main-4/WARN] (Minecraft) Missing texture references in model reallyworld:item/god/archangel_spear:
    particle
[15:30:15] [Worker-Main-4/WARN] (Minecraft) Missing texture references in model reallyworld:item/rose_sword:
    particle
[15:30:15] [Worker-Main-4/WARN] (Minecraft) Missing texture references in model reallyworld:item/easter_sword:
    particle
[15:30:16] [Render thread/INFO] (Minecraft) OpenAL initialized on device OpenAL Soft on Динамики (High Definition Audio Device)
[15:30:16] [Render thread/INFO] (Minecraft) Sound engine started
[15:30:16] [Render thread/INFO] (Minecraft) Created: 512x256x0 minecraft:textures/atlas/particles.png-atlas
[15:30:16] [Render thread/INFO] (Minecraft) Created: 128x128x0 minecraft:textures/atlas/decorated_pot.png-atlas
[15:30:16] [Render thread/INFO] (Minecraft) Created: 2048x1024x0 minecraft:textures/atlas/armor_trims.png-atlas
[15:30:16] [Render thread/INFO] (Minecraft) Created: 512x256x0 minecraft:textures/atlas/paintings.png-atlas
[15:30:16] [Render thread/INFO] (Minecraft) Created: 1024x512x0 minecraft:textures/atlas/shield_patterns.png-atlas
[15:30:16] [Render thread/INFO] (Minecraft) Created: 4096x2048x0 minecraft:textures/atlas/blocks.png-atlas
[15:30:16] [Render thread/INFO] (Minecraft) Created: 512x512x0 minecraft:textures/atlas/chest.png-atlas
[15:30:16] [Render thread/INFO] (Minecraft) Created: 256x128x0 minecraft:textures/atlas/celestials.png-atlas
[15:30:16] [Render thread/INFO] (Minecraft) Created: 1024x512x0 minecraft:textures/atlas/banner_patterns.png-atlas
[15:30:16] [Render thread/INFO] (Minecraft) Created: 512x512x0 minecraft:textures/atlas/beds.png-atlas
[15:30:16] [Render thread/INFO] (Minecraft) Created: 1024x512x0 minecraft:textures/atlas/items.png-atlas
[15:30:16] [Render thread/INFO] (Minecraft) Created: 1024x1024x0 minecraft:textures/atlas/gui.png-atlas
[15:30:16] [Render thread/INFO] (Minecraft) Created: 128x64x0 minecraft:textures/atlas/map_decorations.png-atlas
[15:30:16] [Render thread/INFO] (Minecraft) Created: 512x256x0 minecraft:textures/atlas/signs.png-atlas
[15:30:16] [Render thread/INFO] (Minecraft) Created: 512x512x0 minecraft:textures/atlas/shulker_boxes.png-atlas
[15:30:16] [Render thread/WARN] (Minecraft) Duplicate sprite minecraft:entity/signs/pale_oak from atlas minecraft:textures/atlas/signs.png, already defined in atlas minecraft:textures/atlas/blocks.png. This will be rejected in a future version
[15:30:16] [Render thread/WARN] (Minecraft) Duplicate sprite minecraft:entity/decorated_pot/mourner_pottery_pattern from atlas minecraft:textures/atlas/decorated_pot.png, already defined in atlas minecraft:textures/atlas/blocks.png. This will be rejected in a future version
[15:30:16] [Render thread/WARN] (Minecraft) Duplicate sprite minecraft:entity/decorated_pot/scrape_pottery_pattern from atlas minecraft:textures/atlas/decorated_pot.png, already defined in atlas minecraft:textures/atlas/blocks.png. This will be rejected in a future version
[15:30:16] [Render thread/WARN] (Minecraft) Duplicate sprite minecraft:entity/decorated_pot/flow_pottery_pattern from atlas minecraft:textures/atlas/blocks.png, already defined in atlas minecraft:textures/atlas/decorated_pot.png. This will be rejected in a future version
[15:30:16] [Render thread/WARN] (Minecraft) Duplicate sprite minecraft:entity/decorated_pot/arms_up_pottery_pattern from atlas minecraft:textures/atlas/decorated_pot.png, already defined in atlas minecraft:textures/atlas/blocks.png. This will be rejected in a future version
[15:30:16] [Render thread/WARN] (Minecraft) Duplicate sprite minecraft:entity/decorated_pot/miner_pottery_pattern from atlas minecraft:textures/atlas/blocks.png, already defined in atlas minecraft:textures/atlas/decorated_pot.png. This will be rejected in a future version
[15:30:16] [Render thread/WARN] (Minecraft) Duplicate sprite minecraft:entity/signs/oak from atlas minecraft:textures/atlas/signs.png, already defined in atlas minecraft:textures/atlas/blocks.png. This will be rejected in a future version
[15:30:16] [Render thread/WARN] (Minecraft) Duplicate sprite minecraft:entity/signs/acacia from atlas minecraft:textures/atlas/blocks.png, already defined in atlas minecraft:textures/atlas/signs.png. This will be rejected in a future version
[15:30:16] [Render thread/WARN] (Minecraft) Duplicate sprite minecraft:entity/decorated_pot/guster_pottery_pattern from atlas minecraft:textures/atlas/blocks.png, already defined in atlas minecraft:textures/atlas/decorated_pot.png. This will be rejected in a future version
[15:30:16] [Render thread/WARN] (Minecraft) Duplicate sprite minecraft:entity/shield/square_bottom_left from atlas minecraft:textures/atlas/blocks.png, already defined in atlas minecraft:textures/atlas/shield_patterns.png. This will be rejected in a future version
[15:30:16] [Render thread/WARN] (Minecraft) Duplicate sprite minecraft:entity/banner/triangle_bottom from atlas minecraft:textures/atlas/blocks.png, already defined in atlas minecraft:textures/atlas/banner_patterns.png. This will be rejected in a future version
[15:30:16] [Render thread/WARN] (Minecraft) Duplicate sprite minecraft:entity/signs/hanging/cherry from atlas minecraft:textures/atlas/signs.png, already defined in atlas minecraft:textures/atlas/blocks.png. This will be rejected in a future version
[15:30:16] [Render thread/WARN] (Minecraft) Duplicate sprite minecraft:entity/bed/pink from atlas minecraft:textures/atlas/beds.png, already defined in atlas minecraft:textures/atlas/blocks.png. This will be rejected in a future version
[15:30:16] [Render thread/WARN] (Minecraft) Duplicate sprite minecraft:entity/shield/stripe_downleft from atlas minecraft:textures/atlas/shield_patterns.png, already defined in atlas minecraft:textures/atlas/blocks.png. This will be rejected in a future version
[15:30:16] [Render thread/WARN] (Minecraft) Duplicate sprite minecraft:entity/shield/triangles_bottom from atlas minecraft:textures/atlas/blocks.png, already defined in atlas minecraft:textures/atlas/shield_patterns.png. This will be rejected in a future version
[15:30:16] [Render thread/WARN] (Minecraft) Duplicate sprite minecraft:entity/bed/green from atlas minecraft:textures/atlas/blocks.png, already defined in atlas minecraft:textures/atlas/beds.png. This will be rejected in a future version
[15:30:16] [Render thread/WARN] (Minecraft) Duplicate sprite minecraft:entity/bed/black from atlas minecraft:textures/atlas/blocks.png, already defined in atlas minecraft:textures/atlas/beds.png. This will be rejected in a future version
[15:30:16] [Render thread/WARN] (Minecraft) Duplicate sprite minecraft:entity/signs/hanging/spruce from atlas minecraft:textures/atlas/blocks.png, already defined in atlas minecraft:textures/atlas/signs.png. This will be rejected in a future version
[15:30:16] [Render thread/WARN] (Minecraft) Duplicate sprite minecraft:entity/decorated_pot/decorated_pot_base from atlas minecraft:textures/atlas/blocks.png, already defined in atlas minecraft:textures/atlas/decorated_pot.png. This will be rejected in a future version
[15:30:16] [Render thread/WARN] (Minecraft) Duplicate sprite minecraft:entity/decorated_pot/burn_pottery_pattern from atlas minecraft:textures/atlas/blocks.png, already defined in atlas minecraft:textures/atlas/decorated_pot.png. This will be rejected in a future version
[15:30:16] [Render thread/WARN] (Minecraft) Duplicate sprite minecraft:entity/banner/small_stripes from atlas minecraft:textures/atlas/banner_patterns.png, already defined in atlas minecraft:textures/atlas/blocks.png. This will be rejected in a future version
[15:30:16] [Render thread/WARN] (Minecraft) Duplicate sprite minecraft:entity/banner/stripe_left from atlas minecraft:textures/atlas/banner_patterns.png, already defined in atlas minecraft:textures/atlas/blocks.png. This will be rejected in a future version
[15:30:16] [Render thread/WARN] (Minecraft) Duplicate sprite minecraft:entity/signs/hanging/mangrove from atlas minecraft:textures/atlas/blocks.png, already defined in atlas minecraft:textures/atlas/signs.png. This will be rejected in a future version
[15:30:16] [Render thread/WARN] (Minecraft) Duplicate sprite minecraft:entity/shield/square_bottom_right from atlas minecraft:textures/atlas/blocks.png, already defined in atlas minecraft:textures/atlas/shield_patterns.png. This will be rejected in a future version
[15:30:16] [Render thread/WARN] (Minecraft) Duplicate sprite minecraft:entity/banner_base from atlas minecraft:textures/atlas/blocks.png, already defined in atlas minecraft:textures/atlas/banner_patterns.png. This will be rejected in a future version
[15:30:16] [Render thread/WARN] (Minecraft) Duplicate sprite minecraft:entity/banner/straight_cross from atlas minecraft:textures/atlas/blocks.png, already defined in atlas minecraft:textures/atlas/banner_patterns.png. This will be rejected in a future version
[15:30:16] [Render thread/WARN] (Minecraft) Duplicate sprite minecraft:entity/chest/copper_exposed_left from atlas minecraft:textures/atlas/chest.png, already defined in atlas minecraft:textures/atlas/blocks.png. This will be rejected in a future version
[15:30:16] [Render thread/WARN] (Minecraft) Duplicate sprite minecraft:entity/banner/circle from atlas minecraft:textures/atlas/banner_patterns.png, already defined in atlas minecraft:textures/atlas/blocks.png. This will be rejected in a future version
[15:30:16] [Render thread/WARN] (Minecraft) Duplicate sprite minecraft:entity/shield/circle from atlas minecraft:textures/atlas/shield_patterns.png, already defined in atlas minecraft:textures/atlas/blocks.png. This will be rejected in a future version
[15:30:16] [Render thread/WARN] (Minecraft) Duplicate sprite minecraft:entity/shield/small_stripes from atlas minecraft:textures/atlas/blocks.png, already defined in atlas minecraft:textures/atlas/shield_patterns.png. This will be rejected in a future version
[15:30:16] [Render thread/WARN] (Minecraft) Duplicate sprite minecraft:entity/banner/globe from atlas minecraft:textures/atlas/blocks.png, already defined in atlas minecraft:textures/atlas/banner_patterns.png. This will be rejected in a future version
[15:30:16] [Render thread/WARN] (Minecraft) Duplicate sprite minecraft:entity/signs/spruce from atlas minecraft:textures/atlas/blocks.png, already defined in atlas minecraft:textures/atlas/signs.png. This will be rejected in a future version
[15:30:16] [Render thread/WARN] (Minecraft) Duplicate sprite minecraft:entity/decorated_pot/plenty_pottery_pattern from atlas minecraft:textures/atlas/blocks.png, already defined in atlas minecraft:textures/atlas/decorated_pot.png. This will be rejected in a future version
[15:30:16] [Render thread/WARN] (Minecraft) Duplicate sprite minecraft:entity/shield/flower from atlas minecraft:textures/atlas/blocks.png, already defined in atlas minecraft:textures/atlas/shield_patterns.png. This will be rejected in a future version
[15:30:16] [Render thread/WARN] (Minecraft) Duplicate sprite minecraft:entity/shield/straight_cross from atlas minecraft:textures/atlas/blocks.png, already defined in atlas minecraft:textures/atlas/shield_patterns.png. This will be rejected in a future version
[15:30:16] [Render thread/WARN] (Minecraft) Duplicate sprite minecraft:entity/banner/stripe_right from atlas minecraft:textures/atlas/blocks.png, already defined in atlas minecraft:textures/atlas/banner_patterns.png. This will be rejected in a future version
[15:30:16] [Render thread/WARN] (Minecraft) Duplicate sprite minecraft:entity/chest/christmas_right from atlas minecraft:textures/atlas/chest.png, already defined in atlas minecraft:textures/atlas/blocks.png. This will be rejected in a future version
[15:30:16] [Render thread/WARN] (Minecraft) Duplicate sprite minecraft:entity/decorated_pot/heartbreak_pottery_pattern from atlas minecraft:textures/atlas/blocks.png, already defined in atlas minecraft:textures/atlas/decorated_pot.png. This will be rejected in a future version
[15:30:16] [Render thread/WARN] (Minecraft) Duplicate sprite minecraft:entity/banner/cross from atlas minecraft:textures/atlas/blocks.png, already defined in atlas minecraft:textures/atlas/banner_patterns.png. This will be rejected in a future version
[15:30:16] [Render thread/WARN] (Minecraft) Duplicate sprite minecraft:entity/banner/half_horizontal_bottom from atlas minecraft:textures/atlas/banner_patterns.png, already defined in atlas minecraft:textures/atlas/blocks.png. This will be rejected in a future version
[15:30:16] [Render thread/WARN] (Minecraft) Duplicate sprite minecraft:entity/decorated_pot/heart_pottery_pattern from atlas minecraft:textures/atlas/decorated_pot.png, already defined in atlas minecraft:textures/atlas/blocks.png. This will be rejected in a future version
[15:30:16] [Render thread/WARN] (Minecraft) Duplicate sprite minecraft:entity/decorated_pot/angler_pottery_pattern from atlas minecraft:textures/atlas/blocks.png, already defined in atlas minecraft:textures/atlas/decorated_pot.png. This will be rejected in a future version
[15:30:16] [Render thread/WARN] (Minecraft) Duplicate sprite minecraft:entity/banner/bricks from atlas minecraft:textures/atlas/blocks.png, already defined in atlas minecraft:textures/atlas/banner_patterns.png. This will be rejected in a future version
[15:30:16] [Render thread/WARN] (Minecraft) Duplicate sprite minecraft:entity/shulker/shulker_blue from atlas minecraft:textures/atlas/blocks.png, already defined in atlas minecraft:textures/atlas/shulker_boxes.png. This will be rejected in a future version
[15:30:16] [Render thread/WARN] (Minecraft) Duplicate sprite minecraft:entity/signs/hanging/jungle from atlas minecraft:textures/atlas/signs.png, already defined in atlas minecraft:textures/atlas/blocks.png. This will be rejected in a future version
[15:30:16] [Render thread/WARN] (Minecraft) Duplicate sprite minecraft:entity/shulker/shulker_red from atlas minecraft:textures/atlas/shulker_boxes.png, already defined in atlas minecraft:textures/atlas/blocks.png. This will be rejected in a future version
[15:30:16] [Render thread/WARN] (Minecraft) Duplicate sprite minecraft:entity/shulker/shulker_lime from atlas minecraft:textures/atlas/blocks.png, already defined in atlas minecraft:textures/atlas/shulker_boxes.png. This will be rejected in a future version
[15:30:16] [Render thread/WARN] (Minecraft) Duplicate sprite minecraft:entity/signs/hanging/dark_oak from atlas minecraft:textures/atlas/signs.png, already defined in atlas minecraft:textures/atlas/blocks.png. This will be rejected in a future version
[15:30:16] [Render thread/WARN] (Minecraft) Duplicate sprite minecraft:entity/decorated_pot/skull_pottery_pattern from atlas minecraft:textures/atlas/decorated_pot.png, already defined in atlas minecraft:textures/atlas/blocks.png. This will be rejected in a future version
[15:30:16] [Render thread/WARN] (Minecraft) Duplicate sprite minecraft:entity/banner/gradient from atlas minecraft:textures/atlas/banner_patterns.png, already defined in atlas minecraft:textures/atlas/blocks.png. This will be rejected in a future version
[15:30:16] [Render thread/WARN] (Minecraft) Duplicate sprite minecraft:entity/banner/flower from atlas minecraft:textures/atlas/banner_patterns.png, already defined in atlas minecraft:textures/atlas/blocks.png. This will be rejected in a future version
[15:30:16] [Render thread/WARN] (Minecraft) Duplicate sprite minecraft:entity/chest/trapped_left from atlas minecraft:textures/atlas/blocks.png, already defined in atlas minecraft:textures/atlas/chest.png. This will be rejected in a future version
[15:30:16] [Render thread/WARN] (Minecraft) Duplicate sprite minecraft:entity/signs/dark_oak from atlas minecraft:textures/atlas/blocks.png, already defined in atlas minecraft:textures/atlas/signs.png. This will be rejected in a future version
[15:30:16] [Render thread/WARN] (Minecraft) Duplicate sprite minecraft:entity/banner/half_vertical from atlas minecraft:textures/atlas/blocks.png, already defined in atlas minecraft:textures/atlas/banner_patterns.png. This will be rejected in a future version
[15:30:16] [Render thread/WARN] (Minecraft) Duplicate sprite minecraft:entity/shulker/shulker_gray from atlas minecraft:textures/atlas/blocks.png, already defined in atlas minecraft:textures/atlas/shulker_boxes.png. This will be rejected in a future version
[15:30:16] [Render thread/WARN] (Minecraft) Duplicate sprite minecraft:entity/shulker/shulker_white from atlas minecraft:textures/atlas/blocks.png, already defined in atlas minecraft:textures/atlas/shulker_boxes.png. This will be rejected in a future version
[15:30:16] [Render thread/WARN] (Minecraft) Duplicate sprite minecraft:entity/shulker/shulker_orange from atlas minecraft:textures/atlas/shulker_boxes.png, already defined in atlas minecraft:textures/atlas/blocks.png. This will be rejected in a future version
[15:30:16] [Render thread/WARN] (Minecraft) Duplicate sprite minecraft:entity/banner/stripe_bottom from atlas minecraft:textures/atlas/banner_patterns.png, already defined in atlas minecraft:textures/atlas/blocks.png. This will be rejected in a future version
[15:30:16] [Render thread/WARN] (Minecraft) Duplicate sprite minecraft:entity/banner/creeper from atlas minecraft:textures/atlas/banner_patterns.png, already defined in atlas minecraft:textures/atlas/blocks.png. This will be rejected in a future version
[15:30:16] [Render thread/WARN] (Minecraft) Duplicate sprite minecraft:entity/shield/triangles_top from atlas minecraft:textures/atlas/shield_patterns.png, already defined in atlas minecraft:textures/atlas/blocks.png. This will be rejected in a future version
[15:30:16] [Render thread/WARN] (Minecraft) Duplicate sprite minecraft:entity/banner/half_horizontal from atlas minecraft:textures/atlas/banner_patterns.png, already defined in atlas minecraft:textures/atlas/blocks.png. This will be rejected in a future version
[15:30:16] [Render thread/WARN] (Minecraft) Duplicate sprite minecraft:entity/banner/square_bottom_left from atlas minecraft:textures/atlas/blocks.png, already defined in atlas minecraft:textures/atlas/banner_patterns.png. This will be rejected in a future version
[15:30:16] [Render thread/WARN] (Minecraft) Duplicate sprite minecraft:entity/bed/yellow from atlas minecraft:textures/atlas/beds.png, already defined in atlas minecraft:textures/atlas/blocks.png. This will be rejected in a future version
[15:30:16] [Render thread/WARN] (Minecraft) Duplicate sprite minecraft:entity/shulker/shulker_yellow from atlas minecraft:textures/atlas/blocks.png, already defined in atlas minecraft:textures/atlas/shulker_boxes.png. This will be rejected in a future version
[15:30:16] [Render thread/WARN] (Minecraft) Duplicate sprite minecraft:entity/bed/light_blue from atlas minecraft:textures/atlas/blocks.png, already defined in atlas minecraft:textures/atlas/beds.png. This will be rejected in a future version
[15:30:16] [Render thread/WARN] (Minecraft) Duplicate sprite minecraft:entity/banner/skull from atlas minecraft:textures/atlas/blocks.png, already defined in atlas minecraft:textures/atlas/banner_patterns.png. This will be rejected in a future version
[15:30:16] [Render thread/WARN] (Minecraft) Duplicate sprite minecraft:entity/chest/copper_weathered_left from atlas minecraft:textures/atlas/chest.png, already defined in atlas minecraft:textures/atlas/blocks.png. This will be rejected in a future version
[15:30:16] [Render thread/WARN] (Minecraft) Duplicate sprite minecraft:entity/banner/triangles_top from atlas minecraft:textures/atlas/blocks.png, already defined in atlas minecraft:textures/atlas/banner_patterns.png. This will be rejected in a future version
[15:30:16] [Render thread/WARN] (Minecraft) Duplicate sprite minecraft:entity/chest/copper_weathered_right from atlas minecraft:textures/atlas/blocks.png, already defined in atlas minecraft:textures/atlas/chest.png. This will be rejected in a future version
[15:30:16] [Render thread/WARN] (Minecraft) Duplicate sprite minecraft:entity/shield/triangle_top from atlas minecraft:textures/atlas/blocks.png, already defined in atlas minecraft:textures/atlas/shield_patterns.png. This will be rejected in a future version
[15:30:16] [Render thread/WARN] (Minecraft) Duplicate sprite minecraft:entity/shield/mojang from atlas minecraft:textures/atlas/shield_patterns.png, already defined in atlas minecraft:textures/atlas/blocks.png. This will be rejected in a future version
[15:30:16] [Render thread/WARN] (Minecraft) Duplicate sprite minecraft:entity/shield/half_horizontal from atlas minecraft:textures/atlas/blocks.png, already defined in atlas minecraft:textures/atlas/shield_patterns.png. This will be rejected in a future version
[15:30:16] [Render thread/WARN] (Minecraft) Duplicate sprite minecraft:entity/shulker/shulker_purple from atlas minecraft:textures/atlas/shulker_boxes.png, already defined in atlas minecraft:textures/atlas/blocks.png. This will be rejected in a future version
[15:30:16] [Render thread/WARN] (Minecraft) Duplicate sprite minecraft:entity/decorated_pot/howl_pottery_pattern from atlas minecraft:textures/atlas/decorated_pot.png, already defined in atlas minecraft:textures/atlas/blocks.png. This will be rejected in a future version
[15:30:16] [Render thread/WARN] (Minecraft) Duplicate sprite minecraft:entity/signs/birch from atlas minecraft:textures/atlas/signs.png, already defined in atlas minecraft:textures/atlas/blocks.png. This will be rejected in a future version
[15:30:16] [Render thread/WARN] (Minecraft) Duplicate sprite minecraft:entity/chest/copper_oxidized from atlas minecraft:textures/atlas/chest.png, already defined in atlas minecraft:textures/atlas/blocks.png. This will be rejected in a future version
[15:30:16] [Render thread/WARN] (Minecraft) Duplicate sprite minecraft:entity/decorated_pot/archer_pottery_pattern from atlas minecraft:textures/atlas/blocks.png, already defined in atlas minecraft:textures/atlas/decorated_pot.png. This will be rejected in a future version
[15:30:16] [Render thread/WARN] (Minecraft) Duplicate sprite minecraft:entity/shield/bricks from atlas minecraft:textures/atlas/shield_patterns.png, already defined in atlas minecraft:textures/atlas/blocks.png. This will be rejected in a future version
[15:30:16] [Render thread/WARN] (Minecraft) Duplicate sprite minecraft:entity/signs/jungle from atlas minecraft:textures/atlas/blocks.png, already defined in atlas minecraft:textures/atlas/signs.png. This will be rejected in a future version
[15:30:16] [Render thread/WARN] (Minecraft) Duplicate sprite minecraft:entity/bed/magenta from atlas minecraft:textures/atlas/beds.png, already defined in atlas minecraft:textures/atlas/blocks.png. This will be rejected in a future version
[15:30:16] [Render thread/WARN] (Minecraft) Duplicate sprite minecraft:entity/banner/diagonal_up_left from atlas minecraft:textures/atlas/banner_patterns.png, already defined in atlas minecraft:textures/atlas/blocks.png. This will be rejected in a future version
[15:30:16] [Render thread/WARN] (Minecraft) Duplicate sprite minecraft:entity/shield/diagonal_left from atlas minecraft:textures/atlas/shield_patterns.png, already defined in atlas minecraft:textures/atlas/blocks.png. This will be rejected in a future version
[15:30:16] [Render thread/WARN] (Minecraft) Duplicate sprite minecraft:entity/shield/stripe_middle from atlas minecraft:textures/atlas/shield_patterns.png, already defined in atlas minecraft:textures/atlas/blocks.png. This will be rejected in a future version
[15:30:16] [Render thread/WARN] (Minecraft) Duplicate sprite minecraft:entity/decorated_pot/snort_pottery_pattern from atlas minecraft:textures/atlas/blocks.png, already defined in atlas minecraft:textures/atlas/decorated_pot.png. This will be rejected in a future version
[15:30:16] [Render thread/WARN] (Minecraft) Duplicate sprite minecraft:entity/shield/base from atlas minecraft:textures/atlas/shield_patterns.png, already defined in atlas minecraft:textures/atlas/blocks.png. This will be rejected in a future version
[15:30:16] [Render thread/WARN] (Minecraft) Duplicate sprite minecraft:entity/banner/square_bottom_right from atlas minecraft:textures/atlas/blocks.png, already defined in atlas minecraft:textures/atlas/banner_patterns.png. This will be rejected in a future version
[15:30:16] [Render thread/WARN] (Minecraft) Duplicate sprite minecraft:entity/banner/stripe_downleft from atlas minecraft:textures/atlas/blocks.png, already defined in atlas minecraft:textures/atlas/banner_patterns.png. This will be rejected in a future version
[15:30:16] [Render thread/WARN] (Minecraft) Duplicate sprite minecraft:entity/bed/cyan from atlas minecraft:textures/atlas/blocks.png, already defined in atlas minecraft:textures/atlas/beds.png. This will be rejected in a future version
[15:30:16] [Render thread/WARN] (Minecraft) Duplicate sprite minecraft:entity/bed/blue from atlas minecraft:textures/atlas/beds.png, already defined in atlas minecraft:textures/atlas/blocks.png. This will be rejected in a future version
[15:30:16] [Render thread/WARN] (Minecraft) Duplicate sprite minecraft:entity/decorated_pot/brewer_pottery_pattern from atlas minecraft:textures/atlas/blocks.png, already defined in atlas minecraft:textures/atlas/decorated_pot.png. This will be rejected in a future version
[15:30:16] [Render thread/WARN] (Minecraft) Duplicate sprite minecraft:entity/signs/hanging/oak from atlas minecraft:textures/atlas/signs.png, already defined in atlas minecraft:textures/atlas/blocks.png. This will be rejected in a future version
[15:30:16] [Render thread/WARN] (Minecraft) Duplicate sprite minecraft:entity/bed/lime from atlas minecraft:textures/atlas/beds.png, already defined in atlas minecraft:textures/atlas/blocks.png. This will be rejected in a future version
[15:30:16] [Render thread/WARN] (Minecraft) Duplicate sprite minecraft:entity/chest/christmas_left from atlas minecraft:textures/atlas/blocks.png, already defined in atlas minecraft:textures/atlas/chest.png. This will be rejected in a future version
[15:30:16] [Render thread/WARN] (Minecraft) Duplicate sprite minecraft:entity/shield/stripe_left from atlas minecraft:textures/atlas/blocks.png, already defined in atlas minecraft:textures/atlas/shield_patterns.png. This will be rejected in a future version
[15:30:16] [Render thread/WARN] (Minecraft) Duplicate sprite minecraft:entity/banner/mojang from atlas minecraft:textures/atlas/banner_patterns.png, already defined in atlas minecraft:textures/atlas/blocks.png. This will be rejected in a future version
[15:30:16] [Render thread/WARN] (Minecraft) Duplicate sprite minecraft:entity/shield/gradient from atlas minecraft:textures/atlas/shield_patterns.png, already defined in atlas minecraft:textures/atlas/blocks.png. This will be rejected in a future version
[15:30:16] [Render thread/WARN] (Minecraft) Duplicate sprite minecraft:entity/chest/copper_exposed from atlas minecraft:textures/atlas/blocks.png, already defined in atlas minecraft:textures/atlas/chest.png. This will be rejected in a future version
[15:30:16] [Render thread/WARN] (Minecraft) Duplicate sprite minecraft:entity/shield_base from atlas minecraft:textures/atlas/blocks.png, already defined in atlas minecraft:textures/atlas/shield_patterns.png. This will be rejected in a future version
[15:30:16] [Render thread/WARN] (Minecraft) Duplicate sprite minecraft:entity/shield/diagonal_up_right from atlas minecraft:textures/atlas/shield_patterns.png, already defined in atlas minecraft:textures/atlas/blocks.png. This will be rejected in a future version
[15:30:16] [Render thread/WARN] (Minecraft) Duplicate sprite minecraft:entity/shield/half_horizontal_bottom from atlas minecraft:textures/atlas/shield_patterns.png, already defined in atlas minecraft:textures/atlas/blocks.png. This will be rejected in a future version
[15:30:16] [Render thread/WARN] (Minecraft) Duplicate sprite minecraft:entity/bed/brown from atlas minecraft:textures/atlas/blocks.png, already defined in atlas minecraft:textures/atlas/beds.png. This will be rejected in a future version
[15:30:16] [Render thread/WARN] (Minecraft) Duplicate sprite minecraft:entity/shield/stripe_bottom from atlas minecraft:textures/atlas/shield_patterns.png, already defined in atlas minecraft:textures/atlas/blocks.png. This will be rejected in a future version
[15:30:16] [Render thread/WARN] (Minecraft) Duplicate sprite minecraft:entity/chest/copper_left from atlas minecraft:textures/atlas/blocks.png, already defined in atlas minecraft:textures/atlas/chest.png. This will be rejected in a future version
[15:30:16] [Render thread/WARN] (Minecraft) Duplicate sprite minecraft:entity/banner/stripe_center from atlas minecraft:textures/atlas/blocks.png, already defined in atlas minecraft:textures/atlas/banner_patterns.png. This will be rejected in a future version
[15:30:16] [Render thread/WARN] (Minecraft) Duplicate sprite minecraft:entity/bed/light_gray from atlas minecraft:textures/atlas/blocks.png, already defined in atlas minecraft:textures/atlas/beds.png. This will be rejected in a future version
[15:30:16] [Render thread/WARN] (Minecraft) Duplicate sprite minecraft:entity/chest/ender from atlas minecraft:textures/atlas/chest.png, already defined in atlas minecraft:textures/atlas/blocks.png. This will be rejected in a future version
[15:30:16] [Render thread/WARN] (Minecraft) Duplicate sprite minecraft:entity/banner/guster from atlas minecraft:textures/atlas/blocks.png, already defined in atlas minecraft:textures/atlas/banner_patterns.png. This will be rejected in a future version
[15:30:16] [Render thread/WARN] (Minecraft) Duplicate sprite minecraft:entity/shield/cross from atlas minecraft:textures/atlas/blocks.png, already defined in atlas minecraft:textures/atlas/shield_patterns.png. This will be rejected in a future version
[15:30:16] [Render thread/WARN] (Minecraft) Duplicate sprite minecraft:entity/shield/stripe_right from atlas minecraft:textures/atlas/shield_patterns.png, already defined in atlas minecraft:textures/atlas/blocks.png. This will be rejected in a future version
[15:30:16] [Render thread/WARN] (Minecraft) Duplicate sprite minecraft:entity/banner/diagonal_up_right from atlas minecraft:textures/atlas/banner_patterns.png, already defined in atlas minecraft:textures/atlas/blocks.png. This will be rejected in a future version
[15:30:16] [Render thread/WARN] (Minecraft) Duplicate sprite minecraft:entity/shield/globe from atlas minecraft:textures/atlas/blocks.png, already defined in atlas minecraft:textures/atlas/shield_patterns.png. This will be rejected in a future version
[15:30:16] [Render thread/WARN] (Minecraft) Duplicate sprite minecraft:entity/shield/curly_border from atlas minecraft:textures/atlas/blocks.png, already defined in atlas minecraft:textures/atlas/shield_patterns.png. This will be rejected in a future version
[15:30:16] [Render thread/WARN] (Minecraft) Duplicate sprite minecraft:entity/signs/hanging/warped from atlas minecraft:textures/atlas/signs.png, already defined in atlas minecraft:textures/atlas/blocks.png. This will be rejected in a future version
[15:30:16] [Render thread/WARN] (Minecraft) Duplicate sprite minecraft:entity/shulker/shulker_pink from atlas minecraft:textures/atlas/blocks.png, already defined in atlas minecraft:textures/atlas/shulker_boxes.png. This will be rejected in a future version
[15:30:16] [Render thread/WARN] (Minecraft) Duplicate sprite minecraft:entity/chest/normal_left from atlas minecraft:textures/atlas/chest.png, already defined in atlas minecraft:textures/atlas/blocks.png. This will be rejected in a future version
[15:30:16] [Render thread/WARN] (Minecraft) Duplicate sprite minecraft:entity/banner/border from atlas minecraft:textures/atlas/blocks.png, already defined in atlas minecraft:textures/atlas/banner_patterns.png. This will be rejected in a future version
[15:30:16] [Render thread/WARN] (Minecraft) Duplicate sprite minecraft:entity/decorated_pot/blade_pottery_pattern from atlas minecraft:textures/atlas/decorated_pot.png, already defined in atlas minecraft:textures/atlas/blocks.png. This will be rejected in a future version
[15:30:16] [Render thread/WARN] (Minecraft) Duplicate sprite minecraft:entity/banner/diagonal_right from atlas minecraft:textures/atlas/banner_patterns.png, already defined in atlas minecraft:textures/atlas/blocks.png. This will be rejected in a future version
[15:30:16] [Render thread/WARN] (Minecraft) Duplicate sprite minecraft:entity/signs/bamboo from atlas minecraft:textures/atlas/signs.png, already defined in atlas minecraft:textures/atlas/blocks.png. This will be rejected in a future version
[15:30:16] [Render thread/WARN] (Minecraft) Duplicate sprite minecraft:entity/bed/white from atlas minecraft:textures/atlas/beds.png, already defined in atlas minecraft:textures/atlas/blocks.png. This will be rejected in a future version
[15:30:16] [Render thread/WARN] (Minecraft) Duplicate sprite minecraft:entity/shield/diagonal_up_left from atlas minecraft:textures/atlas/blocks.png, already defined in atlas minecraft:textures/atlas/shield_patterns.png. This will be rejected in a future version
[15:30:16] [Render thread/WARN] (Minecraft) Duplicate sprite minecraft:entity/decorated_pot/prize_pottery_pattern from atlas minecraft:textures/atlas/decorated_pot.png, already defined in atlas minecraft:textures/atlas/blocks.png. This will be rejected in a future version
[15:30:16] [Render thread/WARN] (Minecraft) Duplicate sprite minecraft:entity/decorated_pot/decorated_pot_side from atlas minecraft:textures/atlas/blocks.png, already defined in atlas minecraft:textures/atlas/decorated_pot.png. This will be rejected in a future version
[15:30:16] [Render thread/WARN] (Minecraft) Duplicate sprite minecraft:entity/shield/half_vertical_right from atlas minecraft:textures/atlas/shield_patterns.png, already defined in atlas minecraft:textures/atlas/blocks.png. This will be rejected in a future version
[15:30:16] [Render thread/WARN] (Minecraft) Duplicate sprite minecraft:entity/shield/creeper from atlas minecraft:textures/atlas/blocks.png, already defined in atlas minecraft:textures/atlas/shield_patterns.png. This will be rejected in a future version
[15:30:16] [Render thread/WARN] (Minecraft) Duplicate sprite minecraft:entity/banner/piglin from atlas minecraft:textures/atlas/blocks.png, already defined in atlas minecraft:textures/atlas/banner_patterns.png. This will be rejected in a future version
[15:30:16] [Render thread/WARN] (Minecraft) Duplicate sprite minecraft:entity/chest/normal from atlas minecraft:textures/atlas/blocks.png, already defined in atlas minecraft:textures/atlas/chest.png. This will be rejected in a future version
[15:30:16] [Render thread/WARN] (Minecraft) Duplicate sprite minecraft:entity/banner/curly_border from atlas minecraft:textures/atlas/banner_patterns.png, already defined in atlas minecraft:textures/atlas/blocks.png. This will be rejected in a future version
[15:30:16] [Render thread/WARN] (Minecraft) Duplicate sprite minecraft:entity/shield/skull from atlas minecraft:textures/atlas/blocks.png, already defined in atlas minecraft:textures/atlas/shield_patterns.png. This will be rejected in a future version
[15:30:16] [Render thread/WARN] (Minecraft) Duplicate sprite minecraft:entity/shulker/shulker_light_gray from atlas minecraft:textures/atlas/shulker_boxes.png, already defined in atlas minecraft:textures/atlas/blocks.png. This will be rejected in a future version
[15:30:16] [Render thread/WARN] (Minecraft) Duplicate sprite minecraft:entity/decorated_pot/sheaf_pottery_pattern from atlas minecraft:textures/atlas/blocks.png, already defined in atlas minecraft:textures/atlas/decorated_pot.png. This will be rejected in a future version
[15:30:16] [Render thread/WARN] (Minecraft) Duplicate sprite minecraft:entity/decorated_pot/explorer_pottery_pattern from atlas minecraft:textures/atlas/decorated_pot.png, already defined in atlas minecraft:textures/atlas/blocks.png. This will be rejected in a future version
[15:30:16] [Render thread/WARN] (Minecraft) Duplicate sprite minecraft:entity/banner/triangles_bottom from atlas minecraft:textures/atlas/banner_patterns.png, already defined in atlas minecraft:textures/atlas/blocks.png. This will be rejected in a future version
[15:30:16] [Render thread/WARN] (Minecraft) Duplicate sprite minecraft:entity/shulker/spark from atlas minecraft:textures/atlas/shulker_boxes.png, already defined in atlas minecraft:textures/atlas/blocks.png. This will be rejected in a future version
[15:30:16] [Render thread/WARN] (Minecraft) Duplicate sprite minecraft:entity/banner/flow from atlas minecraft:textures/atlas/banner_patterns.png, already defined in atlas minecraft:textures/atlas/blocks.png. This will be rejected in a future version
[15:30:16] [Render thread/WARN] (Minecraft) Duplicate sprite minecraft:entity/shield/rhombus from atlas minecraft:textures/atlas/blocks.png, already defined in atlas minecraft:textures/atlas/shield_patterns.png. This will be rejected in a future version
[15:30:16] [Render thread/WARN] (Minecraft) Duplicate sprite minecraft:entity/banner/half_vertical_right from atlas minecraft:textures/atlas/blocks.png, already defined in atlas minecraft:textures/atlas/banner_patterns.png. This will be rejected in a future version
[15:30:16] [Render thread/WARN] (Minecraft) Duplicate sprite minecraft:entity/shulker/shulker_magenta from atlas minecraft:textures/atlas/blocks.png, already defined in atlas minecraft:textures/atlas/shulker_boxes.png. This will be rejected in a future version
[15:30:16] [Render thread/WARN] (Minecraft) Duplicate sprite minecraft:entity/signs/hanging/acacia from atlas minecraft:textures/atlas/signs.png, already defined in atlas minecraft:textures/atlas/blocks.png. This will be rejected in a future version
[15:30:16] [Render thread/WARN] (Minecraft) Duplicate sprite minecraft:entity/shield/stripe_center from atlas minecraft:textures/atlas/blocks.png, already defined in atlas minecraft:textures/atlas/shield_patterns.png. This will be rejected in a future version
[15:30:16] [Render thread/WARN] (Minecraft) Duplicate sprite minecraft:entity/chest/copper from atlas minecraft:textures/atlas/chest.png, already defined in atlas minecraft:textures/atlas/blocks.png. This will be rejected in a future version
[15:30:16] [Render thread/WARN] (Minecraft) Duplicate sprite minecraft:entity/shield_base_nopattern from atlas minecraft:textures/atlas/blocks.png, already defined in atlas minecraft:textures/atlas/shield_patterns.png. This will be rejected in a future version
[15:30:16] [Render thread/WARN] (Minecraft) Duplicate sprite minecraft:entity/bed/orange from atlas minecraft:textures/atlas/beds.png, already defined in atlas minecraft:textures/atlas/blocks.png. This will be rejected in a future version
[15:30:16] [Render thread/WARN] (Minecraft) Duplicate sprite minecraft:entity/shulker/shulker_green from atlas minecraft:textures/atlas/blocks.png, already defined in atlas minecraft:textures/atlas/shulker_boxes.png. This will be rejected in a future version
[15:30:16] [Render thread/WARN] (Minecraft) Duplicate sprite minecraft:entity/shield/stripe_downright from atlas minecraft:textures/atlas/shield_patterns.png, already defined in atlas minecraft:textures/atlas/blocks.png. This will be rejected in a future version
[15:30:16] [Render thread/WARN] (Minecraft) Duplicate sprite minecraft:entity/bed/purple from atlas minecraft:textures/atlas/beds.png, already defined in atlas minecraft:textures/atlas/blocks.png. This will be rejected in a future version
[15:30:16] [Render thread/WARN] (Minecraft) Duplicate sprite minecraft:entity/shield/guster from atlas minecraft:textures/atlas/blocks.png, already defined in atlas minecraft:textures/atlas/shield_patterns.png. This will be rejected in a future version
[15:30:16] [Render thread/WARN] (Minecraft) Duplicate sprite minecraft:entity/shulker/shulker_light_blue from atlas minecraft:textures/atlas/shulker_boxes.png, already defined in atlas minecraft:textures/atlas/blocks.png. This will be rejected in a future version
[15:30:16] [Render thread/WARN] (Minecraft) Duplicate sprite minecraft:entity/chest/copper_oxidized_right from atlas minecraft:textures/atlas/blocks.png, already defined in atlas minecraft:textures/atlas/chest.png. This will be rejected in a future version
[15:30:16] [Render thread/WARN] (Minecraft) Duplicate sprite minecraft:entity/chest/normal_right from atlas minecraft:textures/atlas/blocks.png, already defined in atlas minecraft:textures/atlas/chest.png. This will be rejected in a future version
[15:30:16] [Render thread/WARN] (Minecraft) Duplicate sprite minecraft:entity/shield/stripe_top from atlas minecraft:textures/atlas/shield_patterns.png, already defined in atlas minecraft:textures/atlas/blocks.png. This will be rejected in a future version
[15:30:16] [Render thread/WARN] (Minecraft) Duplicate sprite minecraft:entity/chest/christmas from atlas minecraft:textures/atlas/blocks.png, already defined in atlas minecraft:textures/atlas/chest.png. This will be rejected in a future version
[15:30:16] [Render thread/WARN] (Minecraft) Duplicate sprite minecraft:entity/banner/stripe_middle from atlas minecraft:textures/atlas/banner_patterns.png, already defined in atlas minecraft:textures/atlas/blocks.png. This will be rejected in a future version
[15:30:16] [Render thread/WARN] (Minecraft) Duplicate sprite minecraft:entity/banner/triangle_top from atlas minecraft:textures/atlas/banner_patterns.png, already defined in atlas minecraft:textures/atlas/blocks.png. This will be rejected in a future version
[15:30:16] [Render thread/WARN] (Minecraft) Duplicate sprite minecraft:entity/shield/square_top_left from atlas minecraft:textures/atlas/blocks.png, already defined in atlas minecraft:textures/atlas/shield_patterns.png. This will be rejected in a future version
[15:30:16] [Render thread/WARN] (Minecraft) Duplicate sprite minecraft:entity/shulker/shulker from atlas minecraft:textures/atlas/blocks.png, already defined in atlas minecraft:textures/atlas/shulker_boxes.png. This will be rejected in a future version
[15:30:16] [Render thread/WARN] (Minecraft) Duplicate sprite minecraft:entity/banner/diagonal_left from atlas minecraft:textures/atlas/banner_patterns.png, already defined in atlas minecraft:textures/atlas/blocks.png. This will be rejected in a future version
[15:30:16] [Render thread/WARN] (Minecraft) Duplicate sprite minecraft:entity/banner/rhombus from atlas minecraft:textures/atlas/banner_patterns.png, already defined in atlas minecraft:textures/atlas/blocks.png. This will be rejected in a future version
[15:30:16] [Render thread/WARN] (Minecraft) Duplicate sprite minecraft:entity/signs/hanging/pale_oak from atlas minecraft:textures/atlas/signs.png, already defined in atlas minecraft:textures/atlas/blocks.png. This will be rejected in a future version
[15:30:16] [Render thread/WARN] (Minecraft) Duplicate sprite minecraft:entity/shulker/shulker_brown from atlas minecraft:textures/atlas/shulker_boxes.png, already defined in atlas minecraft:textures/atlas/blocks.png. This will be rejected in a future version
[15:30:16] [Render thread/WARN] (Minecraft) Duplicate sprite minecraft:entity/shulker/shulker_black from atlas minecraft:textures/atlas/blocks.png, already defined in atlas minecraft:textures/atlas/shulker_boxes.png. This will be rejected in a future version
[15:30:16] [Render thread/WARN] (Minecraft) Duplicate sprite minecraft:entity/bed/gray from atlas minecraft:textures/atlas/blocks.png, already defined in atlas minecraft:textures/atlas/beds.png. This will be rejected in a future version
[15:30:16] [Render thread/WARN] (Minecraft) Duplicate sprite minecraft:entity/chest/trapped from atlas minecraft:textures/atlas/chest.png, already defined in atlas minecraft:textures/atlas/blocks.png. This will be rejected in a future version
[15:30:16] [Render thread/WARN] (Minecraft) Duplicate sprite minecraft:entity/banner/stripe_downright from atlas minecraft:textures/atlas/banner_patterns.png, already defined in atlas minecraft:textures/atlas/blocks.png. This will be rejected in a future version
[15:30:16] [Render thread/WARN] (Minecraft) Duplicate sprite minecraft:entity/signs/cherry from atlas minecraft:textures/atlas/blocks.png, already defined in atlas minecraft:textures/atlas/signs.png. This will be rejected in a future version
[15:30:16] [Render thread/WARN] (Minecraft) Duplicate sprite minecraft:entity/signs/mangrove from atlas minecraft:textures/atlas/signs.png, already defined in atlas minecraft:textures/atlas/blocks.png. This will be rejected in a future version
[15:30:16] [Render thread/WARN] (Minecraft) Duplicate sprite minecraft:entity/shulker/shulker_cyan from atlas minecraft:textures/atlas/shulker_boxes.png, already defined in atlas minecraft:textures/atlas/blocks.png. This will be rejected in a future version
[15:30:16] [Render thread/WARN] (Minecraft) Duplicate sprite minecraft:entity/signs/crimson from atlas minecraft:textures/atlas/signs.png, already defined in atlas minecraft:textures/atlas/blocks.png. This will be rejected in a future version
[15:30:16] [Render thread/WARN] (Minecraft) Duplicate sprite minecraft:entity/shield/square_top_right from atlas minecraft:textures/atlas/shield_patterns.png, already defined in atlas minecraft:textures/atlas/blocks.png. This will be rejected in a future version
[15:30:16] [Render thread/WARN] (Minecraft) Duplicate sprite minecraft:entity/signs/hanging/birch from atlas minecraft:textures/atlas/signs.png, already defined in atlas minecraft:textures/atlas/blocks.png. This will be rejected in a future version
[15:30:16] [Render thread/WARN] (Minecraft) Duplicate sprite minecraft:entity/banner/stripe_top from atlas minecraft:textures/atlas/blocks.png, already defined in atlas minecraft:textures/atlas/banner_patterns.png. This will be rejected in a future version
[15:30:16] [Render thread/WARN] (Minecraft) Duplicate sprite minecraft:entity/decorated_pot/friend_pottery_pattern from atlas minecraft:textures/atlas/decorated_pot.png, already defined in atlas minecraft:textures/atlas/blocks.png. This will be rejected in a future version
[15:30:16] [Render thread/WARN] (Minecraft) Duplicate sprite minecraft:entity/chest/copper_oxidized_left from atlas minecraft:textures/atlas/chest.png, already defined in atlas minecraft:textures/atlas/blocks.png. This will be rejected in a future version
[15:30:16] [Render thread/WARN] (Minecraft) Duplicate sprite minecraft:entity/banner/gradient_up from atlas minecraft:textures/atlas/banner_patterns.png, already defined in atlas minecraft:textures/atlas/blocks.png. This will be rejected in a future version
[15:30:16] [Render thread/WARN] (Minecraft) Duplicate sprite minecraft:entity/shield/piglin from atlas minecraft:textures/atlas/blocks.png, already defined in atlas minecraft:textures/atlas/shield_patterns.png. This will be rejected in a future version
[15:30:16] [Render thread/WARN] (Minecraft) Duplicate sprite minecraft:entity/chest/copper_exposed_right from atlas minecraft:textures/atlas/chest.png, already defined in atlas minecraft:textures/atlas/blocks.png. This will be rejected in a future version
[15:30:16] [Render thread/WARN] (Minecraft) Duplicate sprite minecraft:entity/banner/square_top_right from atlas minecraft:textures/atlas/banner_patterns.png, already defined in atlas minecraft:textures/atlas/blocks.png. This will be rejected in a future version
[15:30:16] [Render thread/WARN] (Minecraft) Duplicate sprite minecraft:entity/shield/diagonal_right from atlas minecraft:textures/atlas/shield_patterns.png, already defined in atlas minecraft:textures/atlas/blocks.png. This will be rejected in a future version
[15:30:16] [Render thread/WARN] (Minecraft) Duplicate sprite minecraft:entity/shield/half_vertical from atlas minecraft:textures/atlas/shield_patterns.png, already defined in atlas minecraft:textures/atlas/blocks.png. This will be rejected in a future version
[15:30:16] [Render thread/WARN] (Minecraft) Duplicate sprite minecraft:entity/shield/gradient_up from atlas minecraft:textures/atlas/blocks.png, already defined in atlas minecraft:textures/atlas/shield_patterns.png. This will be rejected in a future version
[15:30:16] [Render thread/WARN] (Minecraft) Duplicate sprite minecraft:entity/decorated_pot/danger_pottery_pattern from atlas minecraft:textures/atlas/decorated_pot.png, already defined in atlas minecraft:textures/atlas/blocks.png. This will be rejected in a future version
[15:30:16] [Render thread/WARN] (Minecraft) Duplicate sprite minecraft:entity/bed/red from atlas minecraft:textures/atlas/blocks.png, already defined in atlas minecraft:textures/atlas/beds.png. This will be rejected in a future version
[15:30:16] [Render thread/WARN] (Minecraft) Duplicate sprite minecraft:entity/signs/hanging/crimson from atlas minecraft:textures/atlas/signs.png, already defined in atlas minecraft:textures/atlas/blocks.png. This will be rejected in a future version
[15:30:16] [Render thread/WARN] (Minecraft) Duplicate sprite minecraft:entity/shield/triangle_bottom from atlas minecraft:textures/atlas/shield_patterns.png, already defined in atlas minecraft:textures/atlas/blocks.png. This will be rejected in a future version
[15:30:16] [Render thread/WARN] (Minecraft) Duplicate sprite minecraft:entity/signs/warped from atlas minecraft:textures/atlas/signs.png, already defined in atlas minecraft:textures/atlas/blocks.png. This will be rejected in a future version
[15:30:16] [Render thread/WARN] (Minecraft) Duplicate sprite minecraft:entity/shield/flow from atlas minecraft:textures/atlas/shield_patterns.png, already defined in atlas minecraft:textures/atlas/blocks.png. This will be rejected in a future version
[15:30:16] [Render thread/WARN] (Minecraft) Duplicate sprite minecraft:entity/banner/base from atlas minecraft:textures/atlas/blocks.png, already defined in atlas minecraft:textures/atlas/banner_patterns.png. This will be rejected in a future version
[15:30:16] [Render thread/WARN] (Minecraft) Duplicate sprite minecraft:entity/banner/square_top_left from atlas minecraft:textures/atlas/blocks.png, already defined in atlas minecraft:textures/atlas/banner_patterns.png. This will be rejected in a future version
[15:30:16] [Render thread/WARN] (Minecraft) Duplicate sprite minecraft:entity/chest/copper_right from atlas minecraft:textures/atlas/blocks.png, already defined in atlas minecraft:textures/atlas/chest.png. This will be rejected in a future version
[15:30:16] [Render thread/WARN] (Minecraft) Duplicate sprite minecraft:entity/chest/copper_weathered from atlas minecraft:textures/atlas/chest.png, already defined in atlas minecraft:textures/atlas/blocks.png. This will be rejected in a future version
[15:30:16] [Render thread/WARN] (Minecraft) Duplicate sprite minecraft:entity/signs/hanging/bamboo from atlas minecraft:textures/atlas/signs.png, already defined in atlas minecraft:textures/atlas/blocks.png. This will be rejected in a future version
[15:30:16] [Render thread/WARN] (Minecraft) Duplicate sprite minecraft:entity/chest/trapped_right from atlas minecraft:textures/atlas/chest.png, already defined in atlas minecraft:textures/atlas/blocks.png. This will be rejected in a future version
[15:30:16] [Render thread/WARN] (Minecraft) Duplicate sprite minecraft:entity/decorated_pot/shelter_pottery_pattern from atlas minecraft:textures/atlas/blocks.png, already defined in atlas minecraft:textures/atlas/decorated_pot.png. This will be rejected in a future version
[15:30:16] [Render thread/WARN] (Minecraft) Duplicate sprite minecraft:entity/shield/border from atlas minecraft:textures/atlas/blocks.png, already defined in atlas minecraft:textures/atlas/shield_patterns.png. This will be rejected in a future version
[15:30:16] [Render thread/INFO] (Minecraft) Resizing Chunk Sections UBO, capacity limit of 16 reached during a single frame. New capacity will be 32.
[15:30:16] [Render thread/INFO] (Minecraft) Resizing Chunk Sections UBO, capacity limit of 32 reached during a single frame. New capacity will be 64.
[15:30:17] [Render thread/WARN] (Minecraft) Unable to play empty soundEvent: minecraft:entity.snow_golem.ambient
[15:30:20] [Render thread/INFO] (Minecraft) [System] [CHAT] ▣ ꔈ Gabriel_samushia » кто тим по дс тп
[15:30:21] [Render thread/WARN] (Minecraft) Ignoring player info update for unknown player 12934d1c-47dd-357e-8690-f1315a5c83e6 ([UPDATE_GAME_MODE])
[15:30:21] [Render thread/WARN] (Minecraft) Ignoring player info update for unknown player 12934d1c-47dd-357e-8690-f1315a5c83e6 ([UPDATE_DISPLAY_NAME])
[15:30:29] [Render thread/INFO] (Minecraft) Resizing Dynamic Transforms UBO, capacity limit of 16 reached during a single frame. New capacity will be 32.
[15:30:30] [Render thread/INFO] (Minecraft) [System] [CHAT] Режим полета включен для adibasik.
[15:30:30] [Moonshine-ConfigAutoSaver/INFO] (Minecraft) [STDOUT]: [42m[30m[1m AutoConfiguration: autoconfig.json saved successfully! [0m
[15:30:32] [Render thread/WARN] (Minecraft) Ignoring player info update for unknown player 54f31970-0e3a-3af4-a7fd-822b37c8a253 ([UPDATE_GAME_MODE])
[15:30:32] [Render thread/WARN] (Minecraft) Ignoring player info update for unknown player 54f31970-0e3a-3af4-a7fd-822b37c8a253 ([UPDATE_GAME_MODE])
[15:30:32] [Render thread/WARN] (Minecraft) Ignoring player info update for unknown player 54f31970-0e3a-3af4-a7fd-822b37c8a253 ([UPDATE_DISPLAY_NAME])
[15:30:36] [Render thread/INFO] (Minecraft) [System] [CHAT] Гроу-Гарден » Получен опыт: 10
[15:30:41] [Render thread/INFO] (Minecraft) [System] [CHAT] ▣ [EZZ] ꕒ killer7015 »  куплю шар огородника за 300к
[15:30:47] [Render thread/INFO] (Minecraft) [System] [CHAT] ▣ [GoldriperlikSQ] ꔠ FARAGONDA_NyRs » на ахе стак жел. блоков за 600к
[15:30:57] [Netty NIO IO #2/WARN] (Minecraft) Unknown feature flag: minecraft:update_1_21
[15:30:57] [Netty NIO IO #2/WARN] (Minecraft) Unknown feature flag: minecraft:winter_drop
[15:30:57] [Netty NIO IO #2/WARN] (Minecraft) Unknown feature flag: minecraft:bundle
[15:30:58] [Render thread/INFO] (Minecraft) [System] [CHAT] §cВы §cбыли §cкикнуты §cиз-за §cподозрения §cв §cиспользовании §cчитов
[15:30:58] [Render thread/INFO] (Minecraft) [System] [CHAT] Intensive server activity has been HALTED.
[15:30:58] [Render thread/INFO] (Minecraft) Loaded 3 advancements
[15:31:05] [Render thread/WARN] (Minecraft) Ignoring player info update for unknown player d9485fe9-2819-3e3c-908f-5b2d395e1995 ([])
[15:31:09] [Render thread/INFO] (Minecraft) Resizing Chunk Sections UBO, capacity limit of 64 reached during a single frame. New capacity will be 128.
[15:31:35] [Render thread/WARN] (Minecraft) Ignoring player info update for unknown player 11385ed0-8bf6-32b0-91d2-03db12a43d97 ([])
[15:31:46] [Render thread/WARN] (Minecraft) Ignoring player info update for unknown player 81984d9f-332f-3693-be21-8a93cca894ef ([])
[15:32:00] [Moonshine-ConfigAutoSaver/INFO] (Minecraft) [STDOUT]: [42m[30m[1m AutoConfiguration: autoconfig.json saved successfully! [0m
[15:32:01] [Render thread/WARN] (Minecraft) Ignoring player info update for unknown player b60cb2a4-5b13-31b0-8a0e-a9123596f920 ([])
[15:32:11] [Render thread/WARN] (Minecraft) Ignoring player info update for unknown player 8a61fbec-84b9-340f-952d-fa716db4acb7 ([])
[15:32:17] [Render thread/WARN] (Minecraft) Ignoring player info update for unknown player f25e1c94-d2e4-3c1a-a39a-3a93009addc1 ([])
[15:32:29] [Render thread/WARN] (Minecraft) Ignoring player info update for unknown player f0425bc8-0ce5-3d33-b86c-e413c9f60672 ([])
[15:32:40] [Render thread/WARN] (Minecraft) Ignoring player info update for unknown player 22b0906c-e79a-3afe-91b5-ea23d59ac6de ([])
[15:33:02] [Render thread/WARN] (Minecraft) Ignoring player info update for unknown player 9a17055d-3199-3861-a4f1-d7a34245844e ([])
[15:33:13] [Render thread/WARN] (Minecraft) Ignoring player info update for unknown player 5e9b4b0f-a49a-3801-8047-9e5f8fadd4ab ([])
[15:33:30] [Moonshine-ConfigAutoSaver/INFO] (Minecraft) [STDOUT]: [42m[30m[1m AutoConfiguration: autoconfig.json saved successfully! [0m
[15:33:47] [Render thread/WARN] (Minecraft) Ignoring player info update for unknown player 02a344b3-f464-3dcd-ad38-9034a3376398 ([])
[15:34:20] [Render thread/WARN] (Minecraft) Ignoring player info update for unknown player 58e9ef35-680f-3a76-a555-4eddcbef680c ([])
[15:34:33] [Render thread/WARN] (Minecraft) Ignoring player info update for unknown player 625f1ba3-eece-31d7-85ae-862ffca29cbb ([])
[15:34:39] [Render thread/WARN] (Minecraft) Ignoring player info update for unknown player 4fec53f8-caa5-3e83-ab96-0037a2f2b26c ([])
[15:35:00] [Moonshine-ConfigAutoSaver/INFO] (Minecraft) [STDOUT]: [42m[30m[1m AutoConfiguration: autoconfig.json saved successfully! [0m
[15:35:34] [Render thread/WARN] (Minecraft) Ignoring player info update for unknown player 4f30c8ac-9503-357c-b171-2fce027e9a82 ([])
[15:35:40] [Render thread/WARN] (Minecraft) Ignoring player info update for unknown player 5c7bd072-2870-326c-97f9-ff25c5a49076 ([])
[15:35:55] [Render thread/WARN] (Minecraft) Ignoring player info update for unknown player cd0ed6a5-fec0-3879-8ad9-b6be49466e98 ([])
[15:36:26] [Render thread/WARN] (Minecraft) Ignoring player info update for unknown player 32e9eab6-da47-330c-89ea-f93a5023d772 ([])
[15:36:30] [Moonshine-ConfigAutoSaver/INFO] (Minecraft) [STDOUT]: [42m[30m[1m AutoConfiguration: autoconfig.json saved successfully! [0m
[15:38:00] [Moonshine-ConfigAutoSaver/INFO] (Minecraft) [STDOUT]: [42m[30m[1m AutoConfiguration: autoconfig.json saved successfully! [0m
[15:38:12] [Render thread/WARN] (Minecraft) Ignoring player info update for unknown player 2dc257cd-19fc-34be-9884-662c7591d685 ([])
[15:38:14] [Render thread/WARN] (Minecraft) Ignoring player info update for unknown player ea460ac4-39ad-3e85-9d97-fe32e1854f00 ([])
[15:38:14] [Render thread/WARN] (Minecraft) Ignoring player info update for unknown player ac9e13d1-cba3-3434-aa0e-f0a0ab2a6617 ([])
[15:38:39] [Render thread/WARN] (Minecraft) Ignoring player info update for unknown player 730991f0-8b1e-3e4b-8b64-6dca9adceff1 ([])
[15:38:53] [Render thread/WARN] (Minecraft) Ignoring player info update for unknown player ca167e0f-439b-3005-9fd9-a566332ec849 ([])
[15:39:30] [Moonshine-ConfigAutoSaver/INFO] (Minecraft) [STDOUT]: [42m[30m[1m AutoConfiguration: autoconfig.json saved successfully! [0m
[15:39:40] [Render thread/WARN] (Minecraft) Ignoring player info update for unknown player e287f588-ff05-3707-a222-215ff6d8b741 ([])
[15:40:20] [Render thread/WARN] (Minecraft) Ignoring player info update for unknown player 9567f7aa-6822-3469-b81c-bb5cf8085199 ([])
[15:40:43] [Render thread/WARN] (Minecraft) Ignoring player info update for unknown player a906e0e8-5368-35b5-8ef2-f03dacce924d ([])
